localizacao,descricao,detalhe_segundario,data,qtd_noites,valor,nota_media,qtd_avaliacoes
Ônibus em Mairiporã,Refúgio Manjerico. 40 min de SP,Cancelamento gratuito,27 de jul. – 1 de ago.,5,2437.25,4.91,143
Apartamento em São Paulo,Mini Rooftop - Celebre Momentos Especiais Aqui,1 cama,30 de jun. – 5 de jul.,5,1975.0,4.94,236
Apartamento em São Paulo,Apto Spa c/ Hidro e Super Vista! Arq. Niemeyer,Cancelamento gratuito,23 – 28 de jun.,5,1883.0,4.68,276
Loft em São Paulo,Vista do Mirante. Loft Black Onyx.,1 cama queen,22 – 27 de jun.,5,2437.25,4.98,63
Apartamento em São Paulo,"3606-1: apt com banheira, cinema,projetor, vista!",Cancelamento gratuito,15 – 20 de jun.,5,2396.0,4.82,102
Cabana em Itapecerica da Serra,Chalé Orquídea - Luxo e Romance na Natureza,2 camas,21 – 26 de jun.,5,2277.0,4.94,33
Cabana em Mairiporã,Cabanas Cantareira - Jacarandá,4 camas,3 – 8 de jun.,5,2437.25,4.92,26
Casa de hóspedes em Itapecerica da Serra,Descanso no lago 40min. de SP. Girassol,Cancelamento gratuito,29 de jul. – 3 de ago.,5,921.0,5.0,35
Apartamento em São Paulo,Loft 2725: paraíso nas alturas!,,5 – 10 de jun.,5,1714.0,4.94,123
Apartamento em São Paulo,Studio em vermelho - Copan por @yanaina_interior,Cancelamento gratuito,15 – 20 de jun.,5,2035.0,4.91,256
Cabana em Atibaia,Cabana Miralle I,1 cama,28 de jun. – 3 de jul.,5,2437.25,4.89,190
Cabana em Mairiporã,Chalé na Montanha em Mairiporã - 3,Cancelamento gratuito,28 de jun. – 3 de jul.,5,2437.25,5.0,25
Casa em Mairiporã,Casa com linda vista da Serra da Cantareira,2 camas,3 – 8 de jun.,5,2437.25,4.93,85
Loft em São Paulo,"Loft premium, perfeito p casal. Novo perto de tudo",1 cama de casal,4 – 9 de jun.,5,1151.0,5.0,88
Apartamento em São Paulo,@estudionewbe - Apartamento moderno no Mirante do Vale,1 cama,7 – 12 de jul.,5,2054.0,4.84,55
Apartamento em São Paulo,LOFT 3012 moderno com vista linda de São Paulo!,Cancelamento gratuito,20 – 25 de jun.,5,1392.0,4.89,157
Apartamento em São Paulo,2701 - Studio Urbano com Vista do Vale,Cancelamento gratuito,22 – 27 de jun.,5,810.0,4.86,79
Apartamento em São Paulo,1526 - Loft no prédio do Sampa Sky,Cancelamento gratuito,28 de jun. – 3 de jul.,5,796.0,4.84,90
Loft em Centro Histórico de São Paulo,Estúdio encantador que não está olhando para SP high corn,Cancelamento gratuito,12 – 17 de jul.,5,1027.0,4.93,338
Chalé em Mairiporã,Casa na natureza na Serra da Cantareira com hidro,Cancelamento gratuito,23 – 28 de jun.,5,2437.25,4.93,85
Chalé em Mairiporã,Aconchego Rústico,Cancelamento gratuito,15 – 20 de jun.,5,2437.25,4.92,92
Cabana em Mairiporã,Chalé na Montanha em Mairiporã - 2,3 camas,3 – 8 de jun.,5,2437.25,5.0,67
Casa de hóspedes em Mairiporã,Chalé Vintage Serra Cantareira,1 cama,3 – 8 de jun.,5,1198.0,4.94,63
Apartamento em São Paulo,Alecrim no Copan por @zairagon,Cancelamento gratuito,15 – 20 de jun.,5,2437.25,4.85,170
Apartamento em São Paulo,Studio com Varanda em frente ao Allianz Parque,2 camas,6 – 11 de jun.,5,1458.0,5.0,17
Apartamento em São Paulo,Apto próximo ao metrô Barra Funda e Allianz Parque,2 camas,4 – 9 de jun.,5,1335.0,4.98,66
Cabana em Mairiporã,Chalé Quietude,Cancelamento gratuito,28 de jul. – 2 de ago.,5,1986.0,4.98,100
Apartamento em São Paulo,Studio completo no coração de SP | República,2 camas de solteiro,9 – 14 de jun.,5,813.0,4.71,255
Loft em São Paulo,Espaço Náutico em Santana - ZN,2 camas de casal,22 – 27 de jun.,5,2357.0,4.99,74
Casa de hóspedes em Jardim Novo Embu,Chalé charmoso em chácara com piscina no Embu,3 camas de casal,3 – 8 de jun.,5,1997.0,4.94,272
Apartamento em São Paulo,"Studio confortável em São Paulo, próx ao metrô",Cancelamento gratuito,15 – 20 de jun.,5,918.0,4.85,351
Chalé em Mairiporã,"Nostro Villaggio: Espelho d'Água, Jacuzzi, Piscina",1 cama de casal,8 – 13 de jul.,5,2004.0,5.0,3
Condomínio em São Paulo,Solarium e um Belíssimo Terraço Garden 10,Cancelamento gratuito,16 – 21 de jun.,5,1598.0,4.93,141
Loft em São Paulo,Loft 3903 MiraQueBelo andar 39!,Cancelamento gratuito,8 – 13 de jun.,5,1411.0,4.83,277
Apartamento em São Paulo,3526 - Loft em São Paulo,Cancelamento gratuito,15 – 20 de jun.,5,1125.0,4.88,59
Apartamento em São Paulo,"Studio moderno, melhor localização Vila Madalena",2 camas,5 – 10 de jun.,5,1472.0,5.0,3
Apartamento em São Paulo,LOFT com Vista Panorâmica | Aeroporto SPExpo +A/C,Cancelamento gratuito,29 de jun. – 4 de jul.,5,1080.0,4.97,87
Apartamento em São Paulo,Apto Spa Jacuzzi Privativa Churrasqueira Casal,1 cama de casal,8 – 13 de jun.,5,2437.25,4.71,91
Casa em São Bernardo do Campo,loft mobiliado,1 cama de casal,26 de jun. – 1 de jul.,5,796.0,5.0,9
Apartamento em São Paulo,Vista do Mirante. Loft Straw,1 cama queen,22 – 27 de jun.,5,2437.25,5.0,21
Apartamento em São Paulo,Studio fenomenal em São Paulo próximo ao metrô,Cancelamento gratuito,22 – 27 de jun.,5,816.0,4.77,111
Apartamento em São Paulo,Loft2025: Vista Deslumbrante,Cancelamento gratuito,8 – 13 de jun.,5,1668.0,4.79,62
Apartamento em São Paulo,813 sem taxa menor preço complet,1 cama,22 – 27 de jun.,5,1073.0,4.77,22
Loft em São Paulo,Seen 39° loft Vintage vista panorâmica do Vale,1 cama queen,22 – 27 de jun.,5,1461.0,4.98,157
Loft em São Paulo,Studio novo República garagem cama King DR1617,Cancelamento gratuito,23 – 28 de jun.,5,1092.0,4.77,132
Apartamento em São Paulo,"GoodVibes São Paulo. Hidro, Relax e Espaço de Trabalho",2 camas,22 – 27 de jun.,5,2241.0,4.99,95
Casa de veraneio em Cotia,Um Lugar encantador com ofurô ao ar livre,1 cama de casal,3 – 8 de jun.,5,2437.25,4.74,99
Apartamento em São Paulo,Apto em Moema | Aero Congonhas 724,Cancelamento gratuito,27 de jul. – 1 de ago.,5,1837.0,4.97,29
Apartamento em São Paulo,LOFT Incrível | Aeroporto | Metrô | SP Expo + A/C,Cancelamento gratuito,8 – 13 de jul.,5,1060.0,5.0,91
Apartamento em São Paulo,Belo Studio Centro de SP,Cancelamento gratuito,15 – 20 de jun.,5,916.0,4.86,174
Casa em Vila Formosa,Seu Refugio,4 camas,9 – 14 de jun.,5,2031.0,4.98,243
Apartamento em São Paulo,Studio aconchegante com ar e excelente localização,Cancelamento gratuito,23 – 28 de jun.,5,964.0,4.77,96
Apartamento em São Paulo,Ap Encantador c/ Vista Incrível - 37th - #SampaSky,1 cama,8 – 13 de jun.,5,1211.0,4.7,90
Apartamento em São Paulo,AP03- Apartamento Prox. Metrô /CGH/SP EXPO e CEIC,2 camas,3 – 8 de jun.,5,1027.0,4.85,46
Apartamento em São Paulo,24° andar no Copan,1 cama queen,3 – 8 de jun.,5,1245.0,4.9,10
Cabana em Mairiporã,Cabana A-frame na Serra da Cantareira(chalé),1 cama de casal,4 – 9 de jun.,5,2437.25,4.77,256
Loft em São Paulo,Vista de 39° do loft industrial com vista estonteante do Vale,1 cama,6 – 11 de jun.,5,1506.0,4.98,130
Apartamento em São Paulo,Studio espaçoso com conforto e estilo @Copan c/ Ar,Cancelamento gratuito,22 – 27 de jun.,5,1450.0,4.87,171
Apartamento em São Paulo,Studio de luxo com piscina incrível e academia,Cancelamento gratuito,8 – 13 de jun.,5,1110.0,4.89,19
Apartamento em São Paulo,BA4 Studio Confortável Moderno Bela Vista Com Vaga,Cancelamento gratuito,29 de jun. – 4 de jul.,5,933.0,4.87,174
Apartamento em São Paulo,"Terraço com vista deslumbrante, piscina e jardim",1 cama,8 – 13 de jun.,5,2437.25,4.97,35
Apartamento em São Paulo,"Estúdio Completo - Piscina, Rooftop e Coworking",1 cama de casal,3 – 8 de jun.,5,863.0,4.88,52
Apartamento em São Paulo,Excelente apartamento na saúde.,2 camas,9 – 14 de jun.,5,848.0,0.0,0
Casa em Mairiporã,Casa Aconchego,3 camas,15 – 20 de jun.,5,1749.0,4.97,233
Apartamento em São Paulo,Studio moderno no coração da Vila Mariana,Cancelamento gratuito,8 – 13 de jun.,5,1021.0,4.85,119
Apartamento em Guarulhos,"Aeroporto de Gru, Skyline + AR, Piscina e Academia",Cancelamento gratuito,9 – 14 de jun.,5,1365.0,4.97,33
Condomínio em São Paulo,"Elegante, piscina e estacionamento pago, prox. Pau",Cancelamento gratuito,15 – 20 de jun.,5,1328.0,4.74,34
Loft em São Paulo,Loft Temático Java. Com vista espetacular.,1 cama de casal,15 – 20 de jun.,5,2129.0,4.91,127
Apartamento em São Paulo,Setin 1312,Cancelamento gratuito,9 – 14 de jun.,5,1153.0,4.89,185
Apartamento em São Paulo,Studio Grande Vista para cidade. Pinheiros SP,Cancelamento gratuito,13 – 18 de jun.,5,2003.0,4.71,41
Casa de hóspedes em Mairiporã,Chalé da Cantareira uma experiência incrível.,2 camas,9 – 14 de jun.,5,2437.25,4.88,170
Loft em Vila Augusta,Andar Alto com Vista; Tudo Perto e Ar Condicionado,1 cama de casal,10 – 15 de jun.,5,974.0,4.93,127
Apartamento em São Paulo,Estúdio metrô Brooklin|Piscina|Academia 08,1 cama,5 – 10 de jun.,5,1145.0,4.95,126
Apartamento em São Paulo,Maravilhoso apto próximo Av Paulista com garagem,Cancelamento gratuito,14 – 19 de jun.,5,988.0,4.89,168
Apartamento em São Paulo,"Studio 13, lado do metrô, ar-condicionado",1 cama de casal,6 – 11 de jun.,5,786.0,4.89,61
Apartamento em São Paulo,Bossa Nova @ Copan por @yanainainteriores,Cancelamento gratuito,15 – 20 de jun.,5,2096.0,4.85,162
Apartamento em São Paulo,"Studio Moov49, próx Metrô Brás, cozinha completa.",Cancelamento gratuito,23 – 28 de jun.,5,799.0,4.93,120
Apartamento em São Paulo,Your Life Liberdade 2,Cancelamento gratuito,29 de jun. – 4 de jul.,5,913.0,4.95,85
Apartamento em São Paulo,"Studio 06 varanda, lado do metrô",1 cama,6 – 11 de jun.,5,783.0,4.89,64
Apartamento em São Paulo,Studio de Alto Padrão em Perdizes,Cancelamento gratuito,30 de jun. – 5 de jul.,5,1517.0,4.95,42
Apartamento em São Paulo,Studio Moderno Av Paulista/Centro/Prox. ao Metrô,1 cama de casal,8 – 13 de jun.,5,856.0,4.89,65
Casa de campo em São Paulo,Casa Container em São Paulo! Petfriendly!,Cancelamento gratuito,22 – 27 de jun.,5,2437.25,4.91,33
Apartamento em São Paulo,0706 | 300m do Metrô com Piscina,2 camas,29 de jun. – 4 de jul.,5,853.0,4.92,12
Apartamento em São Paulo,Studio Luxo Campo Belo ao lado do Aeroporto,Cancelamento gratuito,26 de jun. – 1 de jul.,5,1210.0,5.0,17
Casa em Atibaia,"Chácara com Piscina Aquecida, linda vista",Cancelamento gratuito,23 – 28 de jun.,5,2437.25,5.0,17
Apartamento em São Paulo,Cobertura com Sauna e Jacuzzi Privativas,Cancelamento gratuito,25 – 30 de jun.,5,2437.25,4.92,273
Apartamento em São Paulo,Studio perfeito e equipado na Liberdade,1 cama queen,3 – 8 de jun.,5,1034.0,4.86,28
Apartamento em Centro,"Flat Aeroporto Guarulhos, Estacione, Shopping",Cancelamento gratuito,21 – 26 de jun.,5,955.0,4.96,332
Apartamento em São Paulo,"VTR 92|LOFT Bauhaus Vista |Elegante, ar e garagem",Cancelamento gratuito,23 – 29 de jun.,6,1370.0,5.0,4
Casa de hóspedes em Guarulhos,Studio 5Vip GRU aeroporto,1 cama,8 – 13 de jun.,5,564.0,4.79,66
Loft em São Paulo,"Aconchegante, #SampaSky, Cozinha 100%, 25 de Março",2 camas,16 – 21 de jun.,5,1131.0,4.97,92
Apartamento em São Paulo,Apartamento moderno no centro de sp,1 cama,15 – 20 de jul.,5,827.0,4.92,13
Apartamento em São Paulo,Aconchegante Apê para 2,1 cama,8 – 13 de jul.,5,819.0,5.0,3
Apartamento em São Paulo,Apê c/ 2dorm. e quintal privativo em rua tranquila,4 camas,3 – 8 de jun.,5,805.0,5.0,6
Apartamento em São Paulo,Hospedagem Boa e Barata em SP!,1 cama,30 de jun. – 5 de jul.,5,844.0,4.96,141
Cabana em Mairiporã,Cabana Glasss (Cabana Flutuante),3 camas,8 – 13 de jun.,5,2437.25,5.0,30
Apartamento em São Paulo,Aconchego no 30° andar do Copan,Cancelamento gratuito,3 – 8 de jul.,5,1642.0,4.91,22
Apartamento em São Paulo,Apartamento luxo Campo Belo próximo ao aeroporto,Cancelamento gratuito,25 – 30 de jun.,5,1210.0,4.85,41
Apartamento em São Paulo,Estúdio moderno Arouche (1411),Cancelamento gratuito,9 – 14 de jun.,5,887.0,4.81,261
Apartamento em São Paulo,113_ Setin Centro República,Cancelamento gratuito,22 – 27 de jun.,5,903.0,4.74,96
Apartamento em São Paulo,Belo studio em ao lado da PUC,1 cama de casal,3 – 8 de jun.,5,960.0,0.0,0
Apartamento em São Paulo,Studio top com vista para cidade,Cancelamento gratuito,30 de jun. – 5 de jul.,5,884.0,5.0,3
Apartamento em São Paulo,005 Apartamento próx Anália Franco,1 cama,4 – 9 de jun.,5,876.0,4.89,141
Apartamento em São Paulo,Studio aconchegante São Paulo!,Cancelamento gratuito,15 – 20 de jun.,5,1535.0,4.98,64
Apartamento em São Paulo,Spa com JACUZZi privativa - Para datas especiais,1 cama queen,17 – 22 de jun.,5,2437.25,4.9,124
Cabana em Mairiporã,Chalé do Lago,1 cama king,8 – 13 de jun.,5,1910.0,4.98,87
Apartamento em São Paulo,Apartamento ao lado do metrô.,Cancelamento gratuito,12 – 17 de jun.,5,1235.0,4.98,65
Apartamento em São Paulo,Estúdio/Moderno/200 m Allianz/Piscina/Wi-Fi/Vaga,1 cama de casal,6 – 11 de jun.,5,1932.0,4.96,108
Casa em Barueri,Casa 2 cômodos Barueri,1 cama,16 – 21 de jun.,5,742.0,4.95,65
Apartamento em São Paulo,Estúdio Perdizes próx. Allianz e H. Albert Einstein,1 cama,6 – 11 de jun.,5,1173.0,0.0,0
Casa em Chácara Inglesa,"Casa linda e rústica com piscina, próxima a tudo.",1 cama queen,22 – 27 de jun.,5,2437.25,4.93,162
Apartamento em São Paulo,Estúdio VN Consolação,1 cama de casal,9 – 14 de jun.,5,903.0,4.94,95
Condomínio em São Paulo,Solarium e um Belíssimo Terraço Garden 09,Cancelamento gratuito,16 – 21 de jun.,5,1552.0,4.91,187
Apartamento em São Paulo,26 Apt próx ao shop Anália Franco,1 cama,6 – 11 de jun.,5,864.0,4.83,66
Apartamento em São Paulo,"Studio 07, varanda, lado metrô",1 cama,5 – 10 de jun.,5,867.0,4.87,62
Apartamento em Consolação,"Studio Design 51 | Ar C. Wi-Fi, 200m do Metrô",1 cama de casal,3 – 8 de jun.,5,1001.0,4.75,234
Condomínio em Guarulhos,Studio com excelente localização,1 cama,3 – 8 de jun.,5,1232.0,4.84,165
Apartamento em São Paulo,Studio Apartamento loft com Vista Mirante do Vale,1 cama,16 – 21 de jun.,5,2402.0,4.63,32
Apartamento em São Paulo,Studio moderno no coração de SP | República,1 cama de casal,4 – 9 de jun.,5,1064.0,4.7,541
Apartamento em São Paulo,Fantástico studio ao lado do Allianz Park,2 camas,6 – 11 de jun.,5,1047.0,4.73,48
Apartamento em São Paulo,"Studio c/ piscina incrível, academia e próx. metrô",Cancelamento gratuito,22 – 27 de jun.,5,1236.0,5.0,8
Apartamento em São Paulo,Loft no Cond ON Paulista ao lado do metro Paraíso,1 cama,9 – 14 de jun.,5,1265.0,5.0,3
Apartamento em São Paulo,"SPA, Academia e Garagem a 10 min. a pé do Aero CGH",2 camas,15 – 20 de jun.,5,1230.0,4.89,55
Apartamento em São Paulo,Apto elegante em Moema e com estacionamento,2 camas,4 – 9 de jun.,5,1487.0,4.78,108
Apartamento em São Paulo,Studio lindo e seguro,1 cama de casal,8 – 13 de jun.,5,747.0,4.92,52
Loft em São Paulo,Estúdios Metrô Santana 02,2 camas de solteiro,5 – 10 de jun.,5,842.0,4.97,140
Apartamento em São Paulo,Estúdio Intimista próx av Paulist,2 camas,6 – 11 de jul.,5,941.0,5.0,8
Apartamento em Guarulhos,"Completo, vaga, ar, sauna próx Maia Aeroporto GRU",2 camas,3 – 8 de jun.,5,1544.0,4.79,146
Casa em Taboão da Serra,Studio Delicinha com cozinha privativa e garagem,Cancelamento gratuito,14 – 19 de jun.,5,708.0,4.96,51
Apartamento em São Paulo,Apto ao lado do TREM inteiro individual completo,Cancelamento gratuito,11 – 16 de jun.,5,1029.0,4.92,159
Apartamento em São Paulo,Belo studio com vista para a Vila Mariana,1 cama de casal,12 – 17 de jun.,5,1201.0,4.97,30
Apartamento em Cotia,Studio novo e completo,2 camas,6 – 11 de jun.,5,1092.0,4.93,28
Apartamento em São Paulo,MA - Studio Silencioso Confortável - Garagem.,Cancelamento gratuito,30 de jun. – 5 de jul.,5,970.0,4.93,55
Casa em Vila Rubi,Casa familiar e confortável para sua estadia.,2 camas,3 – 8 de jun.,5,593.0,4.96,113
Apartamento em São Paulo,Studio novo com ar-condicionado e sacada,Cancelamento gratuito,22 – 27 de jun.,5,976.0,4.92,50
Apartamento em Centro Histórico de São Paulo,1025 - Um lugar aconchegante!,Cancelamento gratuito,11 – 16 de jun.,5,774.0,4.76,82
Apartamento em São Paulo,Apartamento sofisticado C/Vaga no Campo Belo,2 camas,6 – 11 de jun.,5,1441.0,4.95,44
Casa em São Paulo,Conforto Na Medida Certa!,Cancelamento gratuito,9 – 14 de jun.,5,642.0,5.0,3
Condomínio em São Paulo,Casa Contêiner Apto 05,Cancelamento gratuito,16 – 21 de jun.,5,710.0,4.86,92
Apartamento em São Paulo,Acolhedor apto próximo da Av Paulista com garagem,Cancelamento gratuito,29 de jun. – 4 de jul.,5,936.0,4.9,181
Apartamento em São Paulo,"Studio 12, lado do metrô",1 cama,5 – 10 de jun.,5,867.0,4.82,57
Apartamento em São Paulo,Studio luxo e conforto em Vila Mariana,2 camas,3 – 8 de jun.,5,1341.0,5.0,8
Apartamento em São Paulo,Studio aconchegante V. Formosa,Cancelamento gratuito,15 – 20 de jun.,5,690.0,5.0,5
Apartamento em São Paulo,Sofisticado Apto Moema Piscina com Vista 360°,2 camas,4 – 9 de jun.,5,1773.0,4.75,51
Apartamento em Guarulhos,Studio 17 - Praça dos Estudantes,3 camas,4 – 9 de jun.,5,1054.0,4.94,63
Casa em Mairiporã,Mansão Serra da Cantareira Mairiporã,5 camas,8 – 13 de jun.,5,2437.25,5.0,45
Apartamento em Picanço,1312 Studio próximo ao Aeroporto e Shopping Maia,Cancelamento gratuito,8 – 13 de jun.,5,879.0,4.87,87
Apartamento em São Paulo,Excelente localização Ibirapuera,1 cama,15 – 20 de jun.,5,1392.0,4.81,142
Apartamento em São Paulo,Studio Fabuloso ao Lado da Oscar Freire | 165,Cancelamento gratuito,15 – 20 de jun.,5,1849.0,4.67,42
Apartamento em São Paulo,Apart. Lindo | Bairro Liberdade | Ar Condicionado,2 camas,8 – 13 de jun.,5,1061.0,5.0,21
Apartamento em São Paulo,Conforto e aconchego a 20 passos do metrô Carrão,Cancelamento gratuito,8 – 13 de jun.,5,1158.0,4.96,55
Apartamento em São Paulo,Studio novo ao Side do Allianz Park,1 cama de casal,6 – 11 de jun.,5,1461.0,4.92,84
Apartamento em São Paulo,Flat com piscina - O preferido da região,Cancelamento gratuito,9 – 14 de jun.,5,702.0,4.7,135
Casa de veraneio em Maracanã,Recanto San Remo - Atibaia Piscina Climatizada Sol,3 camas,16 – 21 de jun.,5,2437.25,4.96,114
Apartamento em São Paulo,v906 - loft de luxo | academia e mercado 24h,Cancelamento gratuito,12 – 17 de jun.,5,1222.0,4.81,121
Casa de campo em Franco da Rocha,Refúgio Madero.,6 camas,9 – 14 de jun.,5,850.0,4.92,39
Apartamento em São Paulo,"Próx. Tokio, Vibra SP, Expo e a 8 min. a pé Metrô",2 camas,7 – 12 de jun.,5,1184.0,4.96,109
Apartamento em São Paulo,"apartamento, estúdio",1 cama de casal,9 – 14 de jun.,5,765.0,4.88,42
Apartamento em São Paulo,v312 - melhor lugar da vila mariana | fit | metrô,1 cama de casal,10 – 15 de jun.,5,1234.0,4.79,71
Casa em Campo Limpo Paulista,Casa na Colina com pôr do sol,Cancelamento gratuito,23 – 28 de jun.,5,2437.25,4.92,24
Apartamento em São Paulo,Studio 1403 com vaga de garagem.,2 camas,10 – 15 de jun.,5,904.0,4.83,107
Apartamento em São Paulo,Estúdio Urbic Sabiá Moema,1 cama de casal,5 – 10 de jun.,5,1149.0,4.88,25
Apartamento em Barra Funda,Apto Altíssimo padrão completo para até 4 pessoas,2 camas,3 – 8 de jun.,5,1312.0,4.84,537
Apartamento em São Paulo,Belo studio na charmosa Pompéia,1 cama de casal,16 – 21 de jun.,5,985.0,4.74,39
Apartamento em Guarulhos,Apartamento Moderno e Elegante,1 cama de casal,8 – 13 de jun.,5,1027.0,4.89,9
Apartamento em Pompeia,Praticidade e conforto em Perdizes,Cancelamento gratuito,22 – 27 de jul.,5,996.0,4.73,128
Loft em São Bernardo do Campo,LOFT Moderno São Bernardo do Campo,Cancelamento gratuito,23 – 28 de jun.,5,1170.0,4.8,178
Apartamento em São Paulo,Apto Aconchegante entre Mooca e Anália Franco,1 cama de casal,15 – 20 de jun.,5,741.0,4.94,16
Apartamento em São Paulo,Estúdio chique na República,1 cama,10 – 15 de jun.,5,1044.0,5.0,18
Apartamento em São Paulo,"Studio 02, Lado do metrô, cama king Size",Cancelamento gratuito,12 – 17 de jun.,5,1070.0,4.89,84
Apartamento em São Paulo,Charmoso apto próximo da Av Paulista com garagem,2 camas,5 – 10 de jun.,5,979.0,4.89,9
Apartamento em Campo Belo,Prático studio C/Vaga no Campo Belo,2 camas,6 – 11 de jun.,5,1158.0,4.91,111
Apartamento em Vila Baruel,APTO 212 Pro Magno Anhembi Allianz Center Norte,2 camas,3 – 8 de jun.,5,482.0,4.79,71
Apartamento em São Paulo,Studio Lenia metrô Carrão,1 cama,9 – 14 de jun.,5,1003.0,5.0,3
Apartamento em São Paulo,Apê Família c/ AC e Wi-Fi em Condomínio Completo,3 camas,3 – 8 de jun.,5,1669.0,0.0,0
Apartamento em São Paulo,Estúdio Moema Espaço de Casa OJ 2610 Jurupis,1 cama,6 – 11 de jun.,5,1484.0,0.0,0
Apartamento em São Paulo,Studio Novíssimo 150m Metrô Vila Madalena WSS35,Cancelamento gratuito,14 – 19 de jun.,5,1016.0,4.8,69
Condomínio em São Paulo,Charmoso Studio em Moema,1 cama de casal,5 – 10 de jun.,5,861.0,4.82,98
Apartamento em São Paulo,#HM1003 | Staycy Studio ao lado do Metro Brooklin!,2 camas,4 – 9 de jun.,5,1379.0,4.63,8
Casa em São Paulo,Casa com garagem em São Paulo,Cancelamento gratuito,23 – 28 de jun.,5,799.0,4.9,39
Apartamento em São Paulo,09 Liberdade - Feirinha Ar Cond & Garagem incluso!,1 cama,3 – 8 de jun.,5,1125.0,5.0,13
Apartamento em São Paulo,Metrô. Ar condicionado,1 cama de casal,3 – 8 de jun.,5,962.0,0.0,0
Apartamento em São Paulo,SX 105 Estúdio moderno e estiloso,Cancelamento gratuito,29 de jun. – 4 de jul.,5,609.0,4.91,129
Apartamento em São Paulo,Ap 12° andar 300mts do metrô Barra Funda,2 camas,17 – 22 de jun.,5,1229.0,5.0,83
Suíte de hóspedes em São Paulo,Oscar Freire-Suite-Prox à Metrô- FSP-USPClínicas,Cancelamento gratuito,15 – 20 de jun.,5,824.0,5.0,30
Apartamento em São Paulo,Studio novo e equipado - próximo ao Metrô Morumbi,2 camas,6 – 11 de jun.,5,1518.0,5.0,37
Apartamento em São Paulo,Studio For You Moema em frente Shopping Ibirapuera,1 cama de casal,3 – 8 de jun.,5,1603.0,4.98,57
Apartamento em São Paulo,Studio 9 andar| Expor Center Norte |Anhembi |Tietê,2 camas,19 – 24 de jun.,5,1107.0,5.0,83
Loft em São Paulo,Metrô/ar cond./14 andar,Cancelamento gratuito,15 – 20 de jun.,5,890.0,0.0,0
Apartamento em São Paulo,Studio perto Av. Paulista e 3 Min. metro Paulista,Cancelamento gratuito,23 – 28 de jun.,5,1341.0,5.0,53
Casa de campo em Atibaia,Pousada de campo,1 cama de casal,3 – 8 de jun.,5,1288.0,4.95,128
Apartamento em São Paulo,Stúdio próximo ao Aeroporto Congonhas,Cancelamento gratuito,24 – 29 de jun.,5,976.0,4.96,67
Casa em Mairiporã,recanto da serra,3 camas,6 – 11 de jun.,5,2437.25,5.0,8
Apartamento em São Paulo,"Viva SP com Conforto e Praticidade, Perto de Tudo",Cancelamento gratuito,15 – 20 de jun.,5,1086.0,4.92,13
Apartamento em São Paulo,AP 1 Dorm - Vista Incrível,1 cama de casal,4 – 9 de jun.,5,924.0,5.0,16
Casa em Barueri,Casa Barueri otima localização,1 cama,16 – 21 de jun.,5,730.0,5.0,5
Apartamento em São Paulo,Apt vista Vl Prudente ampla 250m metrô.,1 sofá-cama,7 – 12 de jun.,5,802.0,0.0,0
Casa em Jandira,"Quarto,Cozinha e espaço para home Office no centro",1 cama,4 – 9 de jun.,5,858.0,0.0,0
Apartamento em São Paulo,Lindo AP Allianz Parque com piscina e vaga,1 cama,8 – 13 de jun.,5,1147.0,4.97,117
Apartamento em São Paulo,Apê c/vaga-Butantã Jockey Club-Divisa de Pinheiros,Cancelamento gratuito,25 – 30 de jun.,5,1746.0,5.0,162
Apartamento em São Paulo,"Estúdio mto próximo: Puc, Allianz e Espaço Unimed",1 cama,3 – 8 de jun.,5,1509.0,4.99,75
Apartamento em São Paulo,Próx. a Av. Paulista e Metrô c/ Jacuzzi e Academia,1 cama queen,4 – 9 de jun.,5,1225.0,0.0,0
Apartamento em São Paulo,Studio R em frente ao metrô/ garagem gratis/centro,1 cama de casal,22 – 27 de jun.,5,873.0,4.64,44
Apartamento em São Paulo,Confortável Studio Arouche (803),Cancelamento gratuito,14 – 19 de jun.,5,841.0,4.81,230
Apartamento em São Paulo,Bela Vista - Frei Caneca,Cancelamento gratuito,6 – 11 de jul.,5,1113.0,4.96,109
Apartamento em São Paulo,Encanto e charme: Lindo apê próximo da Paulista,Cancelamento gratuito,8 – 13 de jun.,5,1325.0,0.0,0
Apartamento em São Paulo,MA - Studio Clean Charme Vila Buarque Equipado,1 cama queen,8 – 13 de jun.,5,924.0,4.72,36
Apartamento em São Paulo,Studio Decor ao lado do Metrô Alto da Boa Vista,Cancelamento gratuito,21 – 26 de jul.,5,1179.0,4.98,108
Apartamento em São Paulo,"M68 Apartamento moderno novo melhor do Bras ,",Cancelamento gratuito,15 – 20 de jun.,5,752.0,4.89,36
Apartamento em São Paulo,Studio Luxo MIEL #05 | 1min Metrô Faria Lima,Cancelamento gratuito,26 de jun. – 1 de jul.,5,1227.0,5.0,4
Casa em Parque Peruche,Stúdio independente - Zona Norte-SP,Cancelamento gratuito,4 – 9 de ago.,5,451.0,4.99,403
Apartamento em Guarulhos,"Aeroporto de Gru, Skyline, Piscina e Academia",Cancelamento gratuito,14 – 19 de jun.,5,1115.0,4.78,41
Apartamento em São Paulo,Apê c/ar condicionado em Pirituba próx. Estação,Cancelamento gratuito,15 – 20 de jun.,5,1017.0,5.0,14
Apartamento em Osasco,Flat c/ copa excelente localização - apto 1802,Cancelamento gratuito,16 – 21 de jun.,5,1185.0,4.83,24
Apartamento em São Paulo,Pinheiros Hy 1010 | Vila Madalena & Metrô Sumaré,1 cama queen,9 – 14 de jun.,5,1484.0,5.0,8
Apartamento em São Paulo,Ótimo Studio no centro de SP próximo ao metro,Cancelamento gratuito,22 – 27 de jun.,5,979.0,4.79,222
Apartamento em São Paulo,Studio novo a 100 metros do Metrô Guilhermina,Cancelamento gratuito,24 – 29 de jun.,5,943.0,5.0,39
Apartamento em São Paulo,Studio 202 - Próx ao Metrô,1 cama de casal,4 – 9 de jun.,5,902.0,0.0,0
Loft em Centro Histórico de São Paulo,Stúdio Centro Histórico,1 cama,24 – 29 de jun.,5,634.0,4.92,101
Apartamento em São Paulo,Apartamento novo Próx. ao metrô,Cancelamento gratuito,9 – 14 de jun.,5,871.0,5.0,22
Apartamento em São Paulo,Apartamento 2304,Cancelamento gratuito,15 – 20 de jun.,5,1044.0,4.71,7
Apartamento em São Paulo,300m de metrô/Check-in matinal disponível,2 camas,29 de jun. – 4 de jul.,5,621.0,4.88,26
Apartamento em São Paulo,Apartamento em Moema | Aeroporto Congonhas,Cancelamento gratuito,6 – 11 de jul.,5,1518.0,4.96,48
Apartamento em São Paulo,Studio na Vila Madalena,Cancelamento gratuito,13 – 18 de jun.,5,1381.0,4.81,104
Apartamento em São Paulo,Vista Linda 180° c/Blackout e Piscina Av. Paulista,Cancelamento gratuito,9 – 14 de jun.,5,2018.0,4.91,79
Apartamento em São Paulo,Studio Luxo República - Vila Buarque - MDS,Cancelamento gratuito,23 – 28 de jun.,5,981.0,4.77,13
Apartamento em São Paulo,0012 - Studio térreo no metrô Paraíso,Cancelamento gratuito,30 de jun. – 5 de jul.,5,837.0,4.85,121
Apartamento em Barueri,"Em Alphaville, 150m da Al Rio Negro e tud+ ar-cond",Cancelamento gratuito,19 – 24 de jun.,5,1806.0,5.0,17
Apartamento em São Paulo,Studio fascinante em São Paulo próximo ao metrô,Cancelamento gratuito,24 – 29 de jun.,5,959.0,4.84,387
Apartamento em São Paulo,Apto novo- 2 min a pé do Metrô Bresser Mooca,1 cama,8 – 13 de jun.,5,622.0,5.0,5
Apartamento em São Paulo,Studio Centro wifi/Piscina/academia - garagem #313,1 cama,29 de jun. – 4 de jul.,5,792.0,4.81,27
Apartamento em Cotia,Studio completo e aconchegante.,1 cama,4 – 9 de jun.,5,1075.0,4.81,62
Apartamento em São Paulo,"Estúdio c/ piscina, academia e metrô próx",Cancelamento gratuito,15 – 20 de jun.,5,1152.0,4.91,11
Apartamento em São Paulo,Apart. Lindo | Bairro Liberdade | Ar Conditioning,2 camas,8 – 13 de jun.,5,1061.0,4.94,68
Apartamento em São Paulo,Studio Boutique Intimista Jardins | Pinheiros,1 cama de casal,15 – 20 de jun.,5,1391.0,0.0,0
Apartamento em São Paulo,Loft estiloso metrô AC 516,Cancelamento gratuito,23 – 28 de jun.,5,705.0,4.66,65
Apartamento em São Paulo,SX 101 Estúdio moderno,Cancelamento gratuito,29 de jun. – 4 de jul.,5,621.0,4.88,124
Casa em Guarulhos,Loft Claude Monet próximo Aeroporto de Guarulhos,Cancelamento gratuito,9 – 14 de jun.,5,1026.0,5.0,7
Apartamento em São Paulo,Ap. Inteiro - Próx Metro Vila Sônia,Cancelamento gratuito,15 – 20 de jun.,5,757.0,4.91,99
Apartamento em São Paulo,"Novo Studio c/ vista incrível, Aeroporto Congonhas",2 camas,3 – 8 de jun.,5,1210.0,0.0,0
Loft em Macedo,"Lindo Studio, NOVINHO, localizado em uma das melhores areas de Guarulhos e a 9 km do aeroporto. Cercado dos melhores bares e restaurantes da região e a 200 metros do Bosque Maia. Aqui você terá a melhor experiência para sua estadia.",Cancelamento gratuito,9 – 14 de jun.,5,1221.0,5.0,184
Apartamento em São Paulo,m3428 vista incrível no maior prédio de sp (sky),Cancelamento gratuito,30 de jun. – 5 de jul.,5,1118.0,4.78,55
