localizacao,descricao,detalhe_segundario,data,qtd_noites,valor,avaliacao
Ônibus em Mairiporã,Refúgio Manjerico. 40 min de SP,"Cancelamento gratuito
Cancelamento gratuito","27 de jul. – 1 de ago.
27 de jul. – 1 de ago.",por 5 noites,R$2.910,"4,91 de uma avaliação média de 5, 143 avaliações
4,91 (143)"
Apartamento em São Paulo,Mini Rooftop - Celebre Momentos Especiais Aqui,"1 cama
1 cama","30 de jun. – 5 de jul.
30 de jun. – 5 de jul.",por 5 noites,R$1.975,"4,94 de uma avaliação média de 5, 236 avaliações
4,94 (236)"
Apartamento em São Paulo,Apto Spa c/ Hidro e Super Vista! Arq. Niemeyer,"Cancelamento gratuito
Cancelamento gratuito","23 – 28 de jun.
23 – 28 de jun.",por 5 noites,R$1.883,"4,68 de uma avaliação média de 5, 276 avaliações
4,68 (276)"
Loft em São Paulo,Vista do Mirante. Loft Black Onyx.,"1 cama queen
1 cama queen","22 – 27 de jun.
22 – 27 de jun.",por 5 noites,R$2.716,"4,98 de uma avaliação média de 5, 63 avaliações
4,98 (63)"
Apartamento em São Paulo,"3606-1: apt com banheira, cinema,projetor, vista!","Cancelamento gratuito
Cancelamento gratuito","15 – 20 de jun.
15 – 20 de jun.",por 5 noites,R$2.396,"4,82 de uma avaliação média de 5, 102 avaliações
4,82 (102)"
Cabana em Itapecerica da Serra,Chalé Orquídea - Luxo e Romance na Natureza,"2 camas
2 camas","21 – 26 de jun.
21 – 26 de jun.",por 5 noites,R$2.277,"4,94 de uma avaliação média de 5, 33 avaliações
4,94 (33)"
Cabana em Mairiporã,Cabanas Cantareira - Jacarandá,"4 camas
4 camas","3 – 8 de jun.
3 – 8 de jun.",por 5 noites,R$3.823,"4,92 de uma avaliação média de 5, 26 avaliações
4,92 (26)"
Casa de hóspedes em Itapecerica da Serra,Descanso no lago 40min. de SP. Girassol,"Cancelamento gratuito
Cancelamento gratuito","29 de jul. – 3 de ago.
29 de jul. – 3 de ago.",por 5 noites,R$921,"5,0 de uma avaliação média de 5, 35 avaliações
5,0 (35)"
Apartamento em São Paulo,Loft 2725: paraíso nas alturas!,,"5 – 10 de jun.
5 – 10 de jun.",por 5 noites,R$1.714,"4,94 de uma avaliação média de 5, 123 avaliações
4,94 (123)"
Apartamento em São Paulo,Studio em vermelho - Copan por @yanaina_interior,"Cancelamento gratuito
Cancelamento gratuito","15 – 20 de jun.
15 – 20 de jun.",por 5 noites,R$2.035,"4,91 de uma avaliação média de 5, 256 avaliações
4,91 (256)"
Cabana em Atibaia,Cabana Miralle I,"1 cama
1 cama","28 de jun. – 3 de jul.
28 de jun. – 3 de jul.",por 5 noites,R$4.213,"4,89 de uma avaliação média de 5, 190 avaliações
4,89 (190)"
Cabana em Mairiporã,Chalé na Montanha em Mairiporã - 3,"Cancelamento gratuito
Cancelamento gratuito","28 de jun. – 3 de jul.
28 de jun. – 3 de jul.",por 5 noites,R$3.081,"5,0 de uma avaliação média de 5, 25 avaliações
5,0 (25)"
Casa em Mairiporã,Casa com linda vista da Serra da Cantareira,"2 camas
2 camas","3 – 8 de jun.
3 – 8 de jun.",por 5 noites,R$2.566,"4,93 de uma avaliação média de 5, 85 avaliações
4,93 (85)"
Loft em São Paulo,"Loft premium, perfeito p casal. Novo perto de tudo","1 cama de casal
1 cama de casal","4 – 9 de jun.
4 – 9 de jun.",por 5 noites,R$1.151,"5,0 de uma avaliação média de 5, 88 avaliações
5,0 (88)"
Apartamento em São Paulo,@estudionewbe - Apartamento moderno no Mirante do Vale,"1 cama
1 cama","7 – 12 de jul.
7 – 12 de jul.",por 5 noites,R$2.054,"4,84 de uma avaliação média de 5, 55 avaliações
4,84 (55)"
Apartamento em São Paulo,LOFT 3012 moderno com vista linda de São Paulo!,"Cancelamento gratuito
Cancelamento gratuito","20 – 25 de jun.
20 – 25 de jun.",por 5 noites,R$1.392,"4,89 de uma avaliação média de 5, 157 avaliações
4,89 (157)"
Apartamento em São Paulo,2701 - Studio Urbano com Vista do Vale,"Cancelamento gratuito
Cancelamento gratuito","22 – 27 de jun.
22 – 27 de jun.",por 5 noites,R$810,"4,86 de uma avaliação média de 5, 79 avaliações
4,86 (79)"
Apartamento em São Paulo,1526 - Loft no prédio do Sampa Sky,"Cancelamento gratuito
Cancelamento gratuito","28 de jun. – 3 de jul.
28 de jun. – 3 de jul.",por 5 noites,R$796,"4,84 de uma avaliação média de 5, 90 avaliações
4,84 (90)"
Loft em Centro Histórico de São Paulo,Estúdio encantador que não está olhando para SP high corn,"Cancelamento gratuito
Cancelamento gratuito","12 – 17 de jul.
12 – 17 de jul.",por 5 noites,R$1.027,"4,93 de uma avaliação média de 5, 338 avaliações
4,93 (338)"
Chalé em Mairiporã,Casa na natureza na Serra da Cantareira com hidro,"Cancelamento gratuito
Cancelamento gratuito","23 – 28 de jun.
23 – 28 de jun.",por 5 noites,R$3.562,"4,93 de uma avaliação média de 5, 85 avaliações
4,93 (85)"
Chalé em Mairiporã,Aconchego Rústico,"Cancelamento gratuito
Cancelamento gratuito","15 – 20 de jun.
15 – 20 de jun.",por 5 noites,R$2.475,"4,92 de uma avaliação média de 5, 92 avaliações
4,92 (92)"
Cabana em Mairiporã,Chalé na Montanha em Mairiporã - 2,"3 camas
3 camas","3 – 8 de jun.
3 – 8 de jun.",por 5 noites,R$2.556,"5,0 de uma avaliação média de 5, 67 avaliações
5,0 (67)"
Casa de hóspedes em Mairiporã,Chalé Vintage Serra Cantareira,"1 cama
1 cama","3 – 8 de jun.
3 – 8 de jun.",por 5 noites,R$1.198,"4,94 de uma avaliação média de 5, 63 avaliações
4,94 (63)"
Apartamento em São Paulo,Alecrim no Copan por @zairagon,"Cancelamento gratuito
Cancelamento gratuito","15 – 20 de jun.
15 – 20 de jun.",por 5 noites,R$2.933,"4,85 de uma avaliação média de 5, 170 avaliações
4,85 (170)"
Apartamento em São Paulo,Studio com Varanda em frente ao Allianz Parque,"2 camas
2 camas","6 – 11 de jun.
6 – 11 de jun.",por 5 noites,R$1.458,"5,0 de uma avaliação média de 5, 17 avaliações
5,0 (17)"
Apartamento em São Paulo,Apto próximo ao metrô Barra Funda e Allianz Parque,"2 camas
2 camas","4 – 9 de jun.
4 – 9 de jun.",por 5 noites,R$1.335,"4,98 de uma avaliação média de 5, 66 avaliações
4,98 (66)"
Cabana em Mairiporã,Chalé Quietude,"Cancelamento gratuito
Cancelamento gratuito","28 de jul. – 2 de ago.
28 de jul. – 2 de ago.",por 5 noites,R$1.986,"4,98 de uma avaliação média de 5, 100 avaliações
4,98 (100)"
Apartamento em São Paulo,Studio completo no coração de SP | República,"2 camas de solteiro
2 camas de solteiro","9 – 14 de jun.
9 – 14 de jun.",por 5 noites,R$813,"4,71 de uma avaliação média de 5, 255 avaliações
4,71 (255)"
Loft em São Paulo,Espaço Náutico em Santana - ZN,"2 camas de casal
2 camas de casal","22 – 27 de jun.
22 – 27 de jun.",por 5 noites,R$2.357,"4,99 de uma avaliação média de 5, 74 avaliações
4,99 (74)"
Casa de hóspedes em Jardim Novo Embu,Chalé charmoso em chácara com piscina no Embu,"3 camas de casal
3 camas de casal","3 – 8 de jun.
3 – 8 de jun.",por 5 noites,R$1.997,"4,94 de uma avaliação média de 5, 272 avaliações
4,94 (272)"
Apartamento em São Paulo,"Studio confortável em São Paulo, próx ao metrô","Cancelamento gratuito
Cancelamento gratuito","15 – 20 de jun.
15 – 20 de jun.",por 5 noites,R$918,"4,85 de uma avaliação média de 5, 351 avaliações
4,85 (351)"
Chalé em Mairiporã,"Nostro Villaggio: Espelho d'Água, Jacuzzi, Piscina","1 cama de casal
1 cama de casal","8 – 13 de jul.
8 – 13 de jul.",por 5 noites,R$2.004,"5,0 de uma avaliação média de 5, 3 avaliações
5,0 (3)"
Condomínio em São Paulo,Solarium e um Belíssimo Terraço Garden 10,"Cancelamento gratuito
Cancelamento gratuito","16 – 21 de jun.
16 – 21 de jun.",por 5 noites,R$1.598,"4,93 de uma avaliação média de 5, 141 avaliações
4,93 (141)"
Loft em São Paulo,Loft 3903 MiraQueBelo andar 39!,"Cancelamento gratuito
Cancelamento gratuito","8 – 13 de jun.
8 – 13 de jun.",por 5 noites,R$1.411,"4,83 de uma avaliação média de 5, 277 avaliações
4,83 (277)"
Apartamento em São Paulo,3526 - Loft em São Paulo,"Cancelamento gratuito
Cancelamento gratuito","15 – 20 de jun.
15 – 20 de jun.",por 5 noites,R$1.125,"4,88 de uma avaliação média de 5, 59 avaliações
4,88 (59)"
Apartamento em São Paulo,"Studio moderno, melhor localização Vila Madalena","2 camas
2 camas","5 – 10 de jun.
5 – 10 de jun.",por 5 noites,R$1.472,"5,0 de uma avaliação média de 5, 3 avaliações
5,0 (3)"
Apartamento em São Paulo,LOFT com Vista Panorâmica | Aeroporto SPExpo +A/C,"Cancelamento gratuito
Cancelamento gratuito","29 de jun. – 4 de jul.
29 de jun. – 4 de jul.",por 5 noites,R$1.080,"4,97 de uma avaliação média de 5, 87 avaliações
4,97 (87)"
Apartamento em São Paulo,Apto Spa Jacuzzi Privativa Churrasqueira Casal,"1 cama de casal
1 cama de casal","8 – 13 de jun.
8 – 13 de jun.",por 5 noites,R$3.816,"4,71 de uma avaliação média de 5, 91 avaliações
4,71 (91)"
Casa em São Bernardo do Campo,loft mobiliado,"1 cama de casal
1 cama de casal","26 de jun. – 1 de jul.
26 de jun. – 1 de jul.",por 5 noites,R$796,"5,0 de uma avaliação média de 5, 9 avaliações
5,0 (9)"
Apartamento em São Paulo,Vista do Mirante. Loft Straw,"1 cama queen
1 cama queen","22 – 27 de jun.
22 – 27 de jun.",por 5 noites,R$2.716,"5,0 de uma avaliação média de 5, 21 avaliações
5,0 (21)"
Apartamento em São Paulo,Studio fenomenal em São Paulo próximo ao metrô,"Cancelamento gratuito
Cancelamento gratuito","22 – 27 de jun.
22 – 27 de jun.",por 5 noites,R$816,"4,77 de uma avaliação média de 5, 111 avaliações
4,77 (111)"
Apartamento em São Paulo,Loft2025: Vista Deslumbrante,"Cancelamento gratuito
Cancelamento gratuito","8 – 13 de jun.
8 – 13 de jun.",por 5 noites,R$1.668,"4,79 de uma avaliação média de 5, 62 avaliações
4,79 (62)"
Apartamento em São Paulo,813 sem taxa menor preço complet,"1 cama
1 cama","22 – 27 de jun.
22 – 27 de jun.",por 5 noites,R$1.073,"4,77 de uma avaliação média de 5, 22 avaliações
4,77 (22)"
Loft em São Paulo,Seen 39° loft Vintage vista panorâmica do Vale,"1 cama queen
1 cama queen","22 – 27 de jun.
22 – 27 de jun.",por 5 noites,R$1.461,"4,98 de uma avaliação média de 5, 157 avaliações
4,98 (157)"
Loft em São Paulo,Studio novo República garagem cama King DR1617,"Cancelamento gratuito
Cancelamento gratuito","23 – 28 de jun.
23 – 28 de jun.",por 5 noites,R$1.092,"4,77 de uma avaliação média de 5, 132 avaliações
4,77 (132)"
Apartamento em São Paulo,"GoodVibes São Paulo. Hidro, Relax e Espaço de Trabalho","2 camas
2 camas","22 – 27 de jun.
22 – 27 de jun.",por 5 noites,R$2.241,"4,99 de uma avaliação média de 5, 95 avaliações
4,99 (95)"
Casa de veraneio em Cotia,Um Lugar encantador com ofurô ao ar livre,"1 cama de casal
1 cama de casal","3 – 8 de jun.
3 – 8 de jun.",por 5 noites,R$2.590,"4,74 de uma avaliação média de 5, 99 avaliações
4,74 (99)"
Apartamento em São Paulo,Apto em Moema | Aero Congonhas 724,"Cancelamento gratuito
Cancelamento gratuito","27 de jul. – 1 de ago.
27 de jul. – 1 de ago.",por 5 noites,R$1.837,"4,97 de uma avaliação média de 5, 29 avaliações
4,97 (29)"
Apartamento em São Paulo,LOFT Incrível | Aeroporto | Metrô | SP Expo + A/C,"Cancelamento gratuito
Cancelamento gratuito","8 – 13 de jul.
8 – 13 de jul.",por 5 noites,R$1.060,"5,0 de uma avaliação média de 5, 91 avaliações
5,0 (91)"
Apartamento em São Paulo,Belo Studio Centro de SP,"Cancelamento gratuito
Cancelamento gratuito","15 – 20 de jun.
15 – 20 de jun.",por 5 noites,R$916,"4,86 de uma avaliação média de 5, 174 avaliações
4,86 (174)"
Casa em Vila Formosa,Seu Refugio,"4 camas
4 camas","9 – 14 de jun.
9 – 14 de jun.",por 5 noites,R$2.031,"4,98 de uma avaliação média de 5, 243 avaliações
4,98 (243)"
Apartamento em São Paulo,Studio aconchegante com ar e excelente localização,"Cancelamento gratuito
Cancelamento gratuito","23 – 28 de jun.
23 – 28 de jun.",por 5 noites,R$964,"4,77 de uma avaliação média de 5, 96 avaliações
4,77 (96)"
Apartamento em São Paulo,Ap Encantador c/ Vista Incrível - 37th - #SampaSky,"1 cama
1 cama","8 – 13 de jun.
8 – 13 de jun.",por 5 noites,R$1.211,"4,7 de uma avaliação média de 5, 90 avaliações
4,7 (90)"
Apartamento em São Paulo,AP03- Apartamento Prox. Metrô /CGH/SP EXPO e CEIC,"2 camas
2 camas","3 – 8 de jun.
3 – 8 de jun.",por 5 noites,R$1.027,"4,85 de uma avaliação média de 5, 46 avaliações
4,85 (46)"
Casa em Vila Formosa,Seu Refugio,"4 camas
4 camas","9 – 14 de jun.
9 – 14 de jun.",por 5 noites,R$2.031,"4,98 de uma avaliação média de 5, 243 avaliações
4,98 (243)"
Apartamento em São Paulo,"GoodVibes São Paulo. Hidro, Relax e Espaço de Trabalho","2 camas
2 camas","22 – 27 de jun.
22 – 27 de jun.",por 5 noites,R$2.241,"4,99 de uma avaliação média de 5, 95 avaliações
4,99 (95)"
Loft em São Paulo,Studio novo República garagem cama King DR1617,"Cancelamento gratuito
Cancelamento gratuito","23 – 28 de jun.
23 – 28 de jun.",por 5 noites,R$1.092,"4,77 de uma avaliação média de 5, 132 avaliações
4,77 (132)"
Apartamento em São Paulo,Apto em Moema | Aero Congonhas 724,"Cancelamento gratuito
Cancelamento gratuito","27 de jul. – 1 de ago.
27 de jul. – 1 de ago.",por 5 noites,R$1.837,"4,97 de uma avaliação média de 5, 29 avaliações
4,97 (29)"
Apartamento em São Paulo,24° andar no Copan,"1 cama queen
1 cama queen","3 – 8 de jun.
3 – 8 de jun.",por 5 noites,R$1.245,"4,9 de uma avaliação média de 5, 10 avaliações
4,9 (10)"
Cabana em Mairiporã,Cabana A-frame na Serra da Cantareira(chalé),"1 cama de casal
1 cama de casal","4 – 9 de jun.
4 – 9 de jun.",por 5 noites,R$3.572,"4,77 de uma avaliação média de 5, 256 avaliações
4,77 (256)"
Apartamento em São Paulo,Ap Encantador c/ Vista Incrível - 37th - #SampaSky,"1 cama
1 cama","8 – 13 de jun.
8 – 13 de jun.",por 5 noites,R$1.211,"4,7 de uma avaliação média de 5, 90 avaliações
4,7 (90)"
Apartamento em São Paulo,Studio aconchegante com ar e excelente localização,"Cancelamento gratuito
Cancelamento gratuito","23 – 28 de jun.
23 – 28 de jun.",por 5 noites,R$964,"4,77 de uma avaliação média de 5, 96 avaliações
4,77 (96)"
Apartamento em São Paulo,AP03- Apartamento Prox. Metrô /CGH/SP EXPO e CEIC,"2 camas
2 camas","3 – 8 de jun.
3 – 8 de jun.",por 5 noites,R$1.027,"4,85 de uma avaliação média de 5, 46 avaliações
4,85 (46)"
Apartamento em São Paulo,LOFT Incrível | Aeroporto | Metrô | SP Expo + A/C,"Cancelamento gratuito
Cancelamento gratuito","8 – 13 de jul.
8 – 13 de jul.",por 5 noites,R$1.060,"5,0 de uma avaliação média de 5, 91 avaliações
5,0 (91)"
Loft em São Paulo,Vista de 39° do loft industrial com vista estonteante do Vale,"1 cama
1 cama","6 – 11 de jun.
6 – 11 de jun.",por 5 noites,R$1.506,"4,98 de uma avaliação média de 5, 130 avaliações
4,98 (130)"
Apartamento em São Paulo,Studio espaçoso com conforto e estilo @Copan c/ Ar,"Cancelamento gratuito
Cancelamento gratuito","22 – 27 de jun.
22 – 27 de jun.",por 5 noites,R$1.450,"4,87 de uma avaliação média de 5, 171 avaliações
4,87 (171)"
Apartamento em São Paulo,Studio de luxo com piscina incrível e academia,"Cancelamento gratuito
Cancelamento gratuito","8 – 13 de jun.
8 – 13 de jun.",por 5 noites,R$1.110,"4,89 de uma avaliação média de 5, 19 avaliações
4,89 (19)"
Apartamento em São Paulo,BA4 Studio Confortável Moderno Bela Vista Com Vaga,"Cancelamento gratuito
Cancelamento gratuito","29 de jun. – 4 de jul.
29 de jun. – 4 de jul.",por 5 noites,R$933,"4,87 de uma avaliação média de 5, 174 avaliações
4,87 (174)"
Apartamento em São Paulo,"Terraço com vista deslumbrante, piscina e jardim","1 cama
1 cama","8 – 13 de jun.
8 – 13 de jun.",por 5 noites,R$3.492,"4,97 de uma avaliação média de 5, 35 avaliações
4,97 (35)"
Apartamento em São Paulo,"Estúdio Completo - Piscina, Rooftop e Coworking","1 cama de casal
1 cama de casal","3 – 8 de jun.
3 – 8 de jun.",por 5 noites,R$863,"4,88 de uma avaliação média de 5, 52 avaliações
4,88 (52)"
Apartamento em São Paulo,Excelente apartamento na saúde.,"2 camas
2 camas","9 – 14 de jun.
9 – 14 de jun.",por 5 noites,R$848,"Novo lugar para ficar
Novo"
Casa em Mairiporã,Casa Aconchego,"3 camas
3 camas","15 – 20 de jun.
15 – 20 de jun.",por 5 noites,R$1.749,"4,97 de uma avaliação média de 5, 233 avaliações
4,97 (233)"
Casa em Mairiporã,Casa Aconchego,"3 camas
3 camas","15 – 20 de jun.
15 – 20 de jun.",por 5 noites,R$1.749,"4,97 de uma avaliação média de 5, 233 avaliações
4,97 (233)"
Apartamento em São Paulo,Studio moderno no coração da Vila Mariana,"Cancelamento gratuito
Cancelamento gratuito","8 – 13 de jun.
8 – 13 de jun.",por 5 noites,R$1.021,"4,85 de uma avaliação média de 5, 119 avaliações
4,85 (119)"
Apartamento em Guarulhos,"Aeroporto de Gru, Skyline + AR, Piscina e Academia","Cancelamento gratuito
Cancelamento gratuito","9 – 14 de jun.
9 – 14 de jun.",por 5 noites,R$1.365,"4,97 de uma avaliação média de 5, 33 avaliações
4,97 (33)"
Condomínio em São Paulo,"Elegante, piscina e estacionamento pago, prox. Pau","Cancelamento gratuito
Cancelamento gratuito","15 – 20 de jun.
15 – 20 de jun.",por 5 noites,R$1.328,"4,74 de uma avaliação média de 5, 34 avaliações
4,74 (34)"
Loft em São Paulo,Loft Temático Java. Com vista espetacular.,"1 cama de casal
1 cama de casal","15 – 20 de jun.
15 – 20 de jun.",por 5 noites,R$2.129,"4,91 de uma avaliação média de 5, 127 avaliações
4,91 (127)"
Apartamento em São Paulo,Setin 1312,"Cancelamento gratuito
Cancelamento gratuito","9 – 14 de jun.
9 – 14 de jun.",por 5 noites,R$1.153,"4,89 de uma avaliação média de 5, 185 avaliações
4,89 (185)"
Apartamento em São Paulo,Studio Grande Vista para cidade. Pinheiros SP,"Cancelamento gratuito
Cancelamento gratuito","13 – 18 de jun.
13 – 18 de jun.",por 5 noites,R$2.003,"4,71 de uma avaliação média de 5, 41 avaliações
4,71 (41)"
Casa de hóspedes em Mairiporã,Chalé da Cantareira uma experiência incrível.,"2 camas
2 camas","9 – 14 de jun.
9 – 14 de jun.",por 5 noites,R$2.899,"4,88 de uma avaliação média de 5, 170 avaliações
4,88 (170)"
Loft em Vila Augusta,Andar Alto com Vista; Tudo Perto e Ar Condicionado,"1 cama de casal
1 cama de casal","10 – 15 de jun.
10 – 15 de jun.",por 5 noites,R$974,"4,93 de uma avaliação média de 5, 127 avaliações
4,93 (127)"
Apartamento em São Paulo,Estúdio metrô Brooklin|Piscina|Academia 08,"1 cama
1 cama","5 – 10 de jun.
5 – 10 de jun.",por 5 noites,R$1.145,"4,95 de uma avaliação média de 5, 126 avaliações
4,95 (126)"
Apartamento em São Paulo,Maravilhoso apto próximo Av Paulista com garagem,"Cancelamento gratuito
Cancelamento gratuito","14 – 19 de jun.
14 – 19 de jun.",por 5 noites,R$988,"4,89 de uma avaliação média de 5, 168 avaliações
4,89 (168)"
Apartamento em São Paulo,"Studio 13, lado do metrô, ar-condicionado","1 cama de casal
1 cama de casal","6 – 11 de jun.
6 – 11 de jun.",por 5 noites,R$786,"4,89 de uma avaliação média de 5, 61 avaliações
4,89 (61)"
Apartamento em São Paulo,Bossa Nova @ Copan por @yanainainteriores,"Cancelamento gratuito
Cancelamento gratuito","15 – 20 de jun.
15 – 20 de jun.",por 5 noites,R$2.096,"4,85 de uma avaliação média de 5, 162 avaliações
4,85 (162)"
Apartamento em São Paulo,"Studio Moov49, próx Metrô Brás, cozinha completa.","Cancelamento gratuito
Cancelamento gratuito","23 – 28 de jun.
23 – 28 de jun.",por 5 noites,R$799,"4,93 de uma avaliação média de 5, 120 avaliações
4,93 (120)"
Apartamento em São Paulo,Your Life Liberdade 2,"Cancelamento gratuito
Cancelamento gratuito","29 de jun. – 4 de jul.
29 de jun. – 4 de jul.",por 5 noites,R$913,"4,95 de uma avaliação média de 5, 85 avaliações
4,95 (85)"
Apartamento em São Paulo,"Studio 06 varanda, lado do metrô","1 cama
1 cama","6 – 11 de jun.
6 – 11 de jun.",por 5 noites,R$783,"4,89 de uma avaliação média de 5, 64 avaliações
4,89 (64)"
Apartamento em São Paulo,Studio de Alto Padrão em Perdizes,"Cancelamento gratuito
Cancelamento gratuito","30 de jun. – 5 de jul.
30 de jun. – 5 de jul.",por 5 noites,R$1.517,"4,95 de uma avaliação média de 5, 42 avaliações
4,95 (42)"
Apartamento em São Paulo,Studio Moderno Av Paulista/Centro/Prox. ao Metrô,"1 cama de casal
1 cama de casal","8 – 13 de jun.
8 – 13 de jun.",por 5 noites,R$856,"4,89 de uma avaliação média de 5, 65 avaliações
4,89 (65)"
Casa de campo em São Paulo,Casa Container em São Paulo! Petfriendly!,"Cancelamento gratuito
Cancelamento gratuito","22 – 27 de jun.
22 – 27 de jun.",por 5 noites,R$2.956,"4,91 de uma avaliação média de 5, 33 avaliações
4,91 (33)"
Apartamento em São Paulo,0706 | 300m do Metrô com Piscina,"2 camas
2 camas","29 de jun. – 4 de jul.
29 de jun. – 4 de jul.",por 5 noites,R$853,"4,92 de uma avaliação média de 5, 12 avaliações
4,92 (12)"
Apartamento em São Paulo,Studio Luxo Campo Belo ao lado do Aeroporto,"Cancelamento gratuito
Cancelamento gratuito","26 de jun. – 1 de jul.
26 de jun. – 1 de jul.",por 5 noites,R$1.210,"5,0 de uma avaliação média de 5, 17 avaliações
5,0 (17)"
Casa em Atibaia,"Chácara com Piscina Aquecida, linda vista","Cancelamento gratuito
Cancelamento gratuito","23 – 28 de jun.
23 – 28 de jun.",por 5 noites,R$3.224,"5,0 de uma avaliação média de 5, 17 avaliações
5,0 (17)"
Apartamento em São Paulo,Cobertura com Sauna e Jacuzzi Privativas,"Cancelamento gratuito
Cancelamento gratuito","25 – 30 de jun.
25 – 30 de jun.",por 5 noites,R$3.772,"4,92 de uma avaliação média de 5, 273 avaliações
4,92 (273)"
Apartamento em São Paulo,Studio perfeito e equipado na Liberdade,"1 cama queen
1 cama queen","3 – 8 de jun.
3 – 8 de jun.",por 5 noites,R$1.034,"4,86 de uma avaliação média de 5, 28 avaliações
4,86 (28)"
Apartamento em Centro,"Flat Aeroporto Guarulhos, Estacione, Shopping","Cancelamento gratuito
Cancelamento gratuito","21 – 26 de jun.
21 – 26 de jun.",por 5 noites,R$955,"4,96 de uma avaliação média de 5, 332 avaliações
4,96 (332)"
Apartamento em São Paulo,"VTR 92|LOFT Bauhaus Vista |Elegante, ar e garagem","Cancelamento gratuito
Cancelamento gratuito","23 – 29 de jun.
23 – 29 de jun.",por 6 noites,R$1.370,"5,0 de uma avaliação média de 5, 4 avaliações
5,0 (4)"
Casa de hóspedes em Guarulhos,Studio 5Vip GRU aeroporto,"1 cama
1 cama","8 – 13 de jun.
8 – 13 de jun.",por 5 noites,R$564,"4,79 de uma avaliação média de 5, 66 avaliações
4,79 (66)"
Loft em São Paulo,"Aconchegante, #SampaSky, Cozinha 100%, 25 de Março","2 camas
2 camas","16 – 21 de jun.
16 – 21 de jun.",por 5 noites,R$1.131,"4,97 de uma avaliação média de 5, 92 avaliações
4,97 (92)"
Apartamento em São Paulo,Apartamento moderno no centro de sp,"1 cama
1 cama","15 – 20 de jul.
15 – 20 de jul.",por 5 noites,R$827,"4,92 de uma avaliação média de 5, 13 avaliações
4,92 (13)"
Apartamento em São Paulo,Aconchegante Apê para 2,"1 cama
1 cama","8 – 13 de jul.
8 – 13 de jul.",por 5 noites,R$819,"5,0 de uma avaliação média de 5, 3 avaliações
5,0 (3)"
Apartamento em São Paulo,Apê c/ 2dorm. e quintal privativo em rua tranquila,"4 camas
4 camas","3 – 8 de jun.
3 – 8 de jun.",por 5 noites,R$805,"5,0 de uma avaliação média de 5, 6 avaliações
5,0 (6)"
Apartamento em São Paulo,Hospedagem Boa e Barata em SP!,"1 cama
1 cama","30 de jun. – 5 de jul.
30 de jun. – 5 de jul.",por 5 noites,R$844,"4,96 de uma avaliação média de 5, 141 avaliações
4,96 (141)"
Cabana em Mairiporã,Cabana Glasss (Cabana Flutuante),"3 camas
3 camas","8 – 13 de jun.
8 – 13 de jun.",por 5 noites,R$3.880,"5,0 de uma avaliação média de 5, 30 avaliações
5,0 (30)"
Apartamento em São Paulo,Aconchego no 30° andar do Copan,"Cancelamento gratuito
Cancelamento gratuito","3 – 8 de jul.
3 – 8 de jul.",por 5 noites,R$1.642,"4,91 de uma avaliação média de 5, 22 avaliações
4,91 (22)"
Apartamento em São Paulo,Apartamento luxo Campo Belo próximo ao aeroporto,"Cancelamento gratuito
Cancelamento gratuito","25 – 30 de jun.
25 – 30 de jun.",por 5 noites,R$1.210,"4,85 de uma avaliação média de 5, 41 avaliações
4,85 (41)"
Apartamento em São Paulo,Estúdio moderno Arouche (1411),"Cancelamento gratuito
Cancelamento gratuito","9 – 14 de jun.
9 – 14 de jun.",por 5 noites,R$887,"4,81 de uma avaliação média de 5, 261 avaliações
4,81 (261)"
Apartamento em São Paulo,113_ Setin Centro República,"Cancelamento gratuito
Cancelamento gratuito","22 – 27 de jun.
22 – 27 de jun.",por 5 noites,R$903,"4,74 de uma avaliação média de 5, 96 avaliações
4,74 (96)"
Apartamento em São Paulo,"VTR 92|LOFT Bauhaus Vista |Elegante, ar e garagem","Cancelamento gratuito
Cancelamento gratuito","23 – 29 de jun.
23 – 29 de jun.",por 6 noites,R$1.370,"5,0 de uma avaliação média de 5, 4 avaliações
5,0 (4)"
Apartamento em São Paulo,Hospedagem Boa e Barata em SP!,"1 cama
1 cama","30 de jun. – 5 de jul.
30 de jun. – 5 de jul.",por 5 noites,R$844,"4,96 de uma avaliação média de 5, 141 avaliações
4,96 (141)"
Apartamento em São Paulo,Belo studio em ao lado da PUC,"1 cama de casal
1 cama de casal","3 – 8 de jun.
3 – 8 de jun.",por 5 noites,R$960,
Apartamento em São Paulo,Studio top com vista para cidade,"Cancelamento gratuito
Cancelamento gratuito","30 de jun. – 5 de jul.
30 de jun. – 5 de jul.",por 5 noites,R$884,"5,0 de uma avaliação média de 5, 3 avaliações
5,0 (3)"
Apartamento em São Paulo,Estúdio moderno Arouche (1411),"Cancelamento gratuito
Cancelamento gratuito","9 – 14 de jun.
9 – 14 de jun.",por 5 noites,R$887,"4,81 de uma avaliação média de 5, 261 avaliações
4,81 (261)"
Cabana em Mairiporã,Cabana Glasss (Cabana Flutuante),"3 camas
3 camas","8 – 13 de jun.
8 – 13 de jun.",por 5 noites,R$3.880,"5,0 de uma avaliação média de 5, 30 avaliações
5,0 (30)"
Apartamento em São Paulo,005 Apartamento próx Anália Franco,"1 cama
1 cama","4 – 9 de jun.
4 – 9 de jun.",por 5 noites,R$876,"4,89 de uma avaliação média de 5, 141 avaliações
4,89 (141)"
Apartamento em São Paulo,Studio aconchegante São Paulo!,"Cancelamento gratuito
Cancelamento gratuito","15 – 20 de jun.
15 – 20 de jun.",por 5 noites,R$1.535,"4,98 de uma avaliação média de 5, 64 avaliações
4,98 (64)"
Apartamento em São Paulo,Spa com JACUZZi privativa - Para datas especiais,"1 cama queen
1 cama queen","17 – 22 de jun.
17 – 22 de jun.",por 5 noites,R$5.400,"4,9 de uma avaliação média de 5, 124 avaliações
4,9 (124)"
Cabana em Mairiporã,Chalé do Lago,"1 cama king
1 cama king","8 – 13 de jun.
8 – 13 de jun.",por 5 noites,R$1.910,"4,98 de uma avaliação média de 5, 87 avaliações
4,98 (87)"
Apartamento em São Paulo,Apartamento ao lado do metrô.,"Cancelamento gratuito
Cancelamento gratuito","12 – 17 de jun.
12 – 17 de jun.",por 5 noites,R$1.235,"4,98 de uma avaliação média de 5, 65 avaliações
4,98 (65)"
Apartamento em São Paulo,Estúdio/Moderno/200 m Allianz/Piscina/Wi-Fi/Vaga,"1 cama de casal
1 cama de casal","6 – 11 de jun.
6 – 11 de jun.",por 5 noites,R$1.932,"4,96 de uma avaliação média de 5, 108 avaliações
4,96 (108)"
Casa em Barueri,Casa 2 cômodos Barueri,"1 cama
1 cama","16 – 21 de jun.
16 – 21 de jun.",por 5 noites,R$742,"4,95 de uma avaliação média de 5, 65 avaliações
4,95 (65)"
Apartamento em São Paulo,Estúdio Perdizes próx. Allianz e H. Albert Einstein,"1 cama
1 cama","6 – 11 de jun.
6 – 11 de jun.",por 5 noites,R$1.173,"Novo lugar para ficar
Novo"
Casa em Chácara Inglesa,"Casa linda e rústica com piscina, próxima a tudo.","1 cama queen
1 cama queen","22 – 27 de jun.
22 – 27 de jun.",por 5 noites,R$3.693,"4,93 de uma avaliação média de 5, 162 avaliações
4,93 (162)"
Apartamento em São Paulo,Estúdio VN Consolação,"1 cama de casal
1 cama de casal","9 – 14 de jun.
9 – 14 de jun.",por 5 noites,R$903,"4,94 de uma avaliação média de 5, 95 avaliações
4,94 (95)"
Condomínio em São Paulo,Solarium e um Belíssimo Terraço Garden 09,"Cancelamento gratuito
Cancelamento gratuito","16 – 21 de jun.
16 – 21 de jun.",por 5 noites,R$1.552,"4,91 de uma avaliação média de 5, 187 avaliações
4,91 (187)"
Apartamento em São Paulo,26 Apt próx ao shop Anália Franco,"1 cama
1 cama","6 – 11 de jun.
6 – 11 de jun.",por 5 noites,R$864,"4,83 de uma avaliação média de 5, 66 avaliações
4,83 (66)"
Apartamento em São Paulo,"Studio 07, varanda, lado metrô","1 cama
1 cama","5 – 10 de jun.
5 – 10 de jun.",por 5 noites,R$867,"4,87 de uma avaliação média de 5, 62 avaliações
4,87 (62)"
Apartamento em Consolação,"Studio Design 51 | Ar C. Wi-Fi, 200m do Metrô","1 cama de casal
1 cama de casal","3 – 8 de jun.
3 – 8 de jun.",por 5 noites,R$1.001,"4,75 de uma avaliação média de 5, 234 avaliações
4,75 (234)"
Condomínio em Guarulhos,Studio com excelente localização,"1 cama
1 cama","3 – 8 de jun.
3 – 8 de jun.",por 5 noites,R$1.232,"4,84 de uma avaliação média de 5, 165 avaliações
4,84 (165)"
Apartamento em São Paulo,Studio Apartamento loft com Vista Mirante do Vale,"1 cama
1 cama","16 – 21 de jun.
16 – 21 de jun.",por 5 noites,R$2.402,"4,63 de uma avaliação média de 5, 32 avaliações
4,63 (32)"
Apartamento em São Paulo,Studio moderno no coração de SP | República,"1 cama de casal
1 cama de casal","4 – 9 de jun.
4 – 9 de jun.",por 5 noites,R$1.064,"4,7 de uma avaliação média de 5, 541 avaliações
4,7 (541)"
Apartamento em São Paulo,Fantástico studio ao lado do Allianz Park,"2 camas
2 camas","6 – 11 de jun.
6 – 11 de jun.",por 5 noites,R$1.047,"4,73 de uma avaliação média de 5, 48 avaliações
4,73 (48)"
Apartamento em São Paulo,"Studio c/ piscina incrível, academia e próx. metrô","Cancelamento gratuito
Cancelamento gratuito","22 – 27 de jun.
22 – 27 de jun.",por 5 noites,R$1.236,"5,0 de uma avaliação média de 5, 8 avaliações
5,0 (8)"
Apartamento em São Paulo,Loft no Cond ON Paulista ao lado do metro Paraíso,"1 cama
1 cama","9 – 14 de jun.
9 – 14 de jun.",por 5 noites,R$1.265,"5,0 de uma avaliação média de 5, 3 avaliações
5,0 (3)"
Apartamento em São Paulo,"SPA, Academia e Garagem a 10 min. a pé do Aero CGH","2 camas
2 camas","15 – 20 de jun.
15 – 20 de jun.",por 5 noites,R$1.230,"4,89 de uma avaliação média de 5, 55 avaliações
4,89 (55)"
Apartamento em São Paulo,Apto elegante em Moema e com estacionamento,"2 camas
2 camas","4 – 9 de jun.
4 – 9 de jun.",por 5 noites,R$1.487,"4,78 de uma avaliação média de 5, 108 avaliações
4,78 (108)"
Apartamento em São Paulo,Studio lindo e seguro,"1 cama de casal
1 cama de casal","8 – 13 de jun.
8 – 13 de jun.",por 5 noites,R$747,"4,92 de uma avaliação média de 5, 52 avaliações
4,92 (52)"
Loft em São Paulo,Estúdios Metrô Santana 02,"2 camas de solteiro
2 camas de solteiro","5 – 10 de jun.
5 – 10 de jun.",por 5 noites,R$842,"4,97 de uma avaliação média de 5, 140 avaliações
4,97 (140)"
Apartamento em São Paulo,Estúdio Intimista próx av Paulist,"2 camas
2 camas","6 – 11 de jul.
6 – 11 de jul.",por 5 noites,R$941,"5,0 de uma avaliação média de 5, 8 avaliações
5,0 (8)"
Apartamento em Guarulhos,"Completo, vaga, ar, sauna próx Maia Aeroporto GRU","2 camas
2 camas","3 – 8 de jun.
3 – 8 de jun.",por 5 noites,R$1.544,"4,79 de uma avaliação média de 5, 146 avaliações
4,79 (146)"
Casa em Taboão da Serra,Studio Delicinha com cozinha privativa e garagem,"Cancelamento gratuito
Cancelamento gratuito","14 – 19 de jun.
14 – 19 de jun.",por 5 noites,R$708,"4,96 de uma avaliação média de 5, 51 avaliações
4,96 (51)"
Apartamento em São Paulo,Apto ao lado do TREM inteiro individual completo,"Cancelamento gratuito
Cancelamento gratuito","11 – 16 de jun.
11 – 16 de jun.",por 5 noites,R$1.029,"4,92 de uma avaliação média de 5, 159 avaliações
4,92 (159)"
Apartamento em São Paulo,Belo studio com vista para a Vila Mariana,"1 cama de casal
1 cama de casal","12 – 17 de jun.
12 – 17 de jun.",por 5 noites,R$1.201,"4,97 de uma avaliação média de 5, 30 avaliações
4,97 (30)"
Casa em Taboão da Serra,Studio Delicinha com cozinha privativa e garagem,"Cancelamento gratuito
Cancelamento gratuito","14 – 19 de jun.
14 – 19 de jun.",por 5 noites,R$708,"4,96 de uma avaliação média de 5, 51 avaliações
4,96 (51)"
Apartamento em São Paulo,Estúdio Intimista próx av Paulist,"2 camas
2 camas","6 – 11 de jul.
6 – 11 de jul.",por 5 noites,R$941,"5,0 de uma avaliação média de 5, 8 avaliações
5,0 (8)"
Apartamento em Cotia,Studio novo e completo,"2 camas
2 camas","6 – 11 de jun.
6 – 11 de jun.",por 5 noites,R$1.092,"4,93 de uma avaliação média de 5, 28 avaliações
4,93 (28)"
Apartamento em São Paulo,26 Apt próx ao shop Anália Franco,"1 cama
1 cama","6 – 11 de jun.
6 – 11 de jun.",por 5 noites,R$864,"4,83 de uma avaliação média de 5, 66 avaliações
4,83 (66)"
Apartamento em São Paulo,MA - Studio Silencioso Confortável - Garagem.,"Cancelamento gratuito
Cancelamento gratuito","30 de jun. – 5 de jul.
30 de jun. – 5 de jul.",por 5 noites,R$970,"4,93 de uma avaliação média de 5, 55 avaliações
4,93 (55)"
Casa em Vila Rubi,Casa familiar e confortável para sua estadia.,"2 camas
2 camas","3 – 8 de jun.
3 – 8 de jun.",por 5 noites,R$593,"4,96 de uma avaliação média de 5, 113 avaliações
4,96 (113)"
Apartamento em São Paulo,Studio novo com ar-condicionado e sacada,"Cancelamento gratuito
Cancelamento gratuito","22 – 27 de jun.
22 – 27 de jun.",por 5 noites,R$976,"4,92 de uma avaliação média de 5, 50 avaliações
4,92 (50)"
Apartamento em São Paulo,Belo studio com vista para a Vila Mariana,"1 cama de casal
1 cama de casal","12 – 17 de jun.
12 – 17 de jun.",por 5 noites,R$1.201,"4,97 de uma avaliação média de 5, 30 avaliações
4,97 (30)"
Apartamento em Centro Histórico de São Paulo,1025 - Um lugar aconchegante!,"Cancelamento gratuito
Cancelamento gratuito","11 – 16 de jun.
11 – 16 de jun.",por 5 noites,R$774,"4,76 de uma avaliação média de 5, 82 avaliações
4,76 (82)"
Apartamento em São Paulo,Apartamento sofisticado C/Vaga no Campo Belo,"2 camas
2 camas","6 – 11 de jun.
6 – 11 de jun.",por 5 noites,R$1.441,"4,95 de uma avaliação média de 5, 44 avaliações
4,95 (44)"
Casa em São Paulo,Conforto Na Medida Certa!,"Cancelamento gratuito
Cancelamento gratuito","9 – 14 de jun.
9 – 14 de jun.",por 5 noites,R$642,"5,0 de uma avaliação média de 5, 3 avaliações
5,0 (3)"
Condomínio em São Paulo,Casa Contêiner Apto 05,"Cancelamento gratuito
Cancelamento gratuito","16 – 21 de jun.
16 – 21 de jun.",por 5 noites,R$710,"4,86 de uma avaliação média de 5, 92 avaliações
4,86 (92)"
Apartamento em São Paulo,Acolhedor apto próximo da Av Paulista com garagem,"Cancelamento gratuito
Cancelamento gratuito","29 de jun. – 4 de jul.
29 de jun. – 4 de jul.",por 5 noites,R$936,"4,9 de uma avaliação média de 5, 181 avaliações
4,9 (181)"
Apartamento em São Paulo,"Studio 12, lado do metrô","1 cama
1 cama","5 – 10 de jun.
5 – 10 de jun.",por 5 noites,R$867,"4,82 de uma avaliação média de 5, 57 avaliações
4,82 (57)"
Apartamento em São Paulo,Studio luxo e conforto em Vila Mariana,"2 camas
2 camas","3 – 8 de jun.
3 – 8 de jun.",por 5 noites,R$1.341,"5,0 de uma avaliação média de 5, 8 avaliações
5,0 (8)"
Apartamento em São Paulo,Studio aconchegante V. Formosa,"Cancelamento gratuito
Cancelamento gratuito","15 – 20 de jun.
15 – 20 de jun.",por 5 noites,R$690,"5,0 de uma avaliação média de 5, 5 avaliações
5,0 (5)"
Apartamento em São Paulo,Sofisticado Apto Moema Piscina com Vista 360°,"2 camas
2 camas","4 – 9 de jun.
4 – 9 de jun.",por 5 noites,R$1.773,"4,75 de uma avaliação média de 5, 51 avaliações
4,75 (51)"
Apartamento em Guarulhos,Studio 17 - Praça dos Estudantes,"3 camas
3 camas","4 – 9 de jun.
4 – 9 de jun.",por 5 noites,R$1.054,"4,94 de uma avaliação média de 5, 63 avaliações
4,94 (63)"
Casa em Mairiporã,Mansão Serra da Cantareira Mairiporã,"5 camas
5 camas","8 – 13 de jun.
8 – 13 de jun.",por 5 noites,R$10.156,"5,0 de uma avaliação média de 5, 45 avaliações
5,0 (45)"
Apartamento em Picanço,1312 Studio próximo ao Aeroporto e Shopping Maia,"Cancelamento gratuito
Cancelamento gratuito","8 – 13 de jun.
8 – 13 de jun.",por 5 noites,R$879,"4,87 de uma avaliação média de 5, 87 avaliações
4,87 (87)"
Apartamento em São Paulo,Excelente localização Ibirapuera,"1 cama
1 cama","15 – 20 de jun.
15 – 20 de jun.",por 5 noites,R$1.392,"4,81 de uma avaliação média de 5, 142 avaliações
4,81 (142)"
Apartamento em São Paulo,Studio Fabuloso ao Lado da Oscar Freire | 165,"Cancelamento gratuito
Cancelamento gratuito","15 – 20 de jun.
15 – 20 de jun.",por 5 noites,R$1.849,"4,67 de uma avaliação média de 5, 42 avaliações
4,67 (42)"
Apartamento em São Paulo,Apart. Lindo | Bairro Liberdade | Ar Condicionado,"2 camas
2 camas","8 – 13 de jun.
8 – 13 de jun.",por 5 noites,R$1.061,"5,0 de uma avaliação média de 5, 21 avaliações
5,0 (21)"
Apartamento em São Paulo,Conforto e aconchego a 20 passos do metrô Carrão,"Cancelamento gratuito
Cancelamento gratuito","8 – 13 de jun.
8 – 13 de jun.",por 5 noites,R$1.158,"4,96 de uma avaliação média de 5, 55 avaliações
4,96 (55)"
Apartamento em São Paulo,Studio novo ao Side do Allianz Park,"1 cama de casal
1 cama de casal","6 – 11 de jun.
6 – 11 de jun.",por 5 noites,R$1.461,"4,92 de uma avaliação média de 5, 84 avaliações
4,92 (84)"
Apartamento em São Paulo,Flat com piscina - O preferido da região,"Cancelamento gratuito
Cancelamento gratuito","9 – 14 de jun.
9 – 14 de jun.",por 5 noites,R$702,"4,7 de uma avaliação média de 5, 135 avaliações
4,7 (135)"
Casa de veraneio em Maracanã,Recanto San Remo - Atibaia Piscina Climatizada Sol,"3 camas
3 camas","16 – 21 de jun.
16 – 21 de jun.",por 5 noites,R$3.371,"4,96 de uma avaliação média de 5, 114 avaliações
4,96 (114)"
Apartamento em São Paulo,v906 - loft de luxo | academia e mercado 24h,"Cancelamento gratuito
Cancelamento gratuito","12 – 17 de jun.
12 – 17 de jun.",por 5 noites,R$1.222,"4,81 de uma avaliação média de 5, 121 avaliações
4,81 (121)"
Casa de campo em Franco da Rocha,Refúgio Madero.,"6 camas
6 camas","9 – 14 de jun.
9 – 14 de jun.",por 5 noites,R$850,"4,92 de uma avaliação média de 5, 39 avaliações
4,92 (39)"
Apartamento em São Paulo,"Próx. Tokio, Vibra SP, Expo e a 8 min. a pé Metrô","2 camas
2 camas","7 – 12 de jun.
7 – 12 de jun.",por 5 noites,R$1.184,"4,96 de uma avaliação média de 5, 109 avaliações
4,96 (109)"
Apartamento em São Paulo,"apartamento, estúdio","1 cama de casal
1 cama de casal","9 – 14 de jun.
9 – 14 de jun.",por 5 noites,R$765,"4,88 de uma avaliação média de 5, 42 avaliações
4,88 (42)"
Apartamento em São Paulo,v312 - melhor lugar da vila mariana | fit | metrô,"1 cama de casal
1 cama de casal","10 – 15 de jun.
10 – 15 de jun.",por 5 noites,R$1.234,"4,79 de uma avaliação média de 5, 71 avaliações
4,79 (71)"
Casa em Campo Limpo Paulista,Casa na Colina com pôr do sol,"Cancelamento gratuito
Cancelamento gratuito","23 – 28 de jun.
23 – 28 de jun.",por 5 noites,R$5.135,"4,92 de uma avaliação média de 5, 24 avaliações
4,92 (24)"
Apartamento em São Paulo,Studio 1403 com vaga de garagem.,"2 camas
2 camas","10 – 15 de jun.
10 – 15 de jun.",por 5 noites,R$904,"4,83 de uma avaliação média de 5, 107 avaliações
4,83 (107)"
Apartamento em São Paulo,Estúdio Urbic Sabiá Moema,"1 cama de casal
1 cama de casal","5 – 10 de jun.
5 – 10 de jun.",por 5 noites,R$1.149,"4,88 de uma avaliação média de 5, 25 avaliações
4,88 (25)"
Apartamento em Barra Funda,Apto Altíssimo padrão completo para até 4 pessoas,"2 camas
2 camas","3 – 8 de jun.
3 – 8 de jun.",por 5 noites,R$1.312,"4,84 de uma avaliação média de 5, 537 avaliações
4,84 (537)"
Apartamento em Barra Funda,Apto Altíssimo padrão completo para até 4 pessoas,"2 camas
2 camas","3 – 8 de jun.
3 – 8 de jun.",por 5 noites,R$1.312,"4,84 de uma avaliação média de 5, 537 avaliações
4,84 (537)"
Apartamento em São Paulo,Belo studio na charmosa Pompéia,"1 cama de casal
1 cama de casal","16 – 21 de jun.
16 – 21 de jun.",por 5 noites,R$985,"4,74 de uma avaliação média de 5, 39 avaliações
4,74 (39)"
Apartamento em Guarulhos,Apartamento Moderno e Elegante,"1 cama de casal
1 cama de casal","8 – 13 de jun.
8 – 13 de jun.",por 5 noites,R$1.027,"4,89 de uma avaliação média de 5, 9 avaliações
4,89 (9)"
Apartamento em Pompeia,Praticidade e conforto em Perdizes,"Cancelamento gratuito
Cancelamento gratuito","22 – 27 de jul.
22 – 27 de jul.",por 5 noites,R$996,"4,73 de uma avaliação média de 5, 128 avaliações
4,73 (128)"
Loft em São Bernardo do Campo,LOFT Moderno São Bernardo do Campo,"Cancelamento gratuito
Cancelamento gratuito","23 – 28 de jun.
23 – 28 de jun.",por 5 noites,R$1.170,"4,8 de uma avaliação média de 5, 178 avaliações
4,8 (178)"
Apartamento em São Paulo,Apto Aconchegante entre Mooca e Anália Franco,"1 cama de casal
1 cama de casal","15 – 20 de jun.
15 – 20 de jun.",por 5 noites,R$741,"4,94 de uma avaliação média de 5, 16 avaliações
4,94 (16)"
Apartamento em São Paulo,Estúdio chique na República,"1 cama
1 cama","10 – 15 de jun.
10 – 15 de jun.",por 5 noites,R$1.044,"5,0 de uma avaliação média de 5, 18 avaliações
5,0 (18)"
Apartamento em São Paulo,"Studio 02, Lado do metrô, cama king Size","Cancelamento gratuito
Cancelamento gratuito","12 – 17 de jun.
12 – 17 de jun.",por 5 noites,R$1.070,"4,89 de uma avaliação média de 5, 84 avaliações
4,89 (84)"
Apartamento em São Paulo,Charmoso apto próximo da Av Paulista com garagem,"2 camas
2 camas","5 – 10 de jun.
5 – 10 de jun.",por 5 noites,R$979,"4,89 de uma avaliação média de 5, 9 avaliações
4,89 (9)"
Apartamento em Campo Belo,Prático studio C/Vaga no Campo Belo,"2 camas
2 camas","6 – 11 de jun.
6 – 11 de jun.",por 5 noites,R$1.158,"4,91 de uma avaliação média de 5, 111 avaliações
4,91 (111)"
Apartamento em Vila Baruel,APTO 212 Pro Magno Anhembi Allianz Center Norte,"2 camas
2 camas","3 – 8 de jun.
3 – 8 de jun.",por 5 noites,R$482,"4,79 de uma avaliação média de 5, 71 avaliações
4,79 (71)"
Apartamento em São Paulo,Studio Lenia metrô Carrão,"1 cama
1 cama","9 – 14 de jun.
9 – 14 de jun.",por 5 noites,R$1.003,"5,0 de uma avaliação média de 5, 3 avaliações
5,0 (3)"
Apartamento em São Paulo,Apê Família c/ AC e Wi-Fi em Condomínio Completo,"3 camas
3 camas","3 – 8 de jun.
3 – 8 de jun.",por 5 noites,R$1.669,"Novo lugar para ficar
Novo"
Apartamento em São Paulo,Estúdio Moema Espaço de Casa OJ 2610 Jurupis,"1 cama
1 cama","6 – 11 de jun.
6 – 11 de jun.",por 5 noites,R$1.484,"Novo lugar para ficar
Novo"
Apartamento em São Paulo,Studio Novíssimo 150m Metrô Vila Madalena WSS35,"Cancelamento gratuito
Cancelamento gratuito","14 – 19 de jun.
14 – 19 de jun.",por 5 noites,R$1.016,"4,8 de uma avaliação média de 5, 69 avaliações
4,8 (69)"
Condomínio em São Paulo,Charmoso Studio em Moema,"1 cama de casal
1 cama de casal","5 – 10 de jun.
5 – 10 de jun.",por 5 noites,R$861,"4,82 de uma avaliação média de 5, 98 avaliações
4,82 (98)"
Apartamento em São Paulo,#HM1003 | Staycy Studio ao lado do Metro Brooklin!,"2 camas
2 camas","4 – 9 de jun.
4 – 9 de jun.",por 5 noites,R$1.379,"4,63 de uma avaliação média de 5, 8 avaliações
4,63 (8)"
Casa em São Paulo,Casa com garagem em São Paulo,"Cancelamento gratuito
Cancelamento gratuito","23 – 28 de jun.
23 – 28 de jun.",por 5 noites,R$799,"4,9 de uma avaliação média de 5, 39 avaliações
4,9 (39)"
Casa em São Paulo,Casa com garagem em São Paulo,"Cancelamento gratuito
Cancelamento gratuito","23 – 28 de jun.
23 – 28 de jun.",por 5 noites,R$799,"4,9 de uma avaliação média de 5, 39 avaliações
4,9 (39)"
Apartamento em São Paulo,"Studio c/ piscina incrível, academia e próx. metrô","Cancelamento gratuito
Cancelamento gratuito","22 – 27 de jun.
22 – 27 de jun.",por 5 noites,R$1.236,"5,0 de uma avaliação média de 5, 8 avaliações
5,0 (8)"
Apartamento em São Paulo,09 Liberdade - Feirinha Ar Cond & Garagem incluso!,"1 cama
1 cama","3 – 8 de jun.
3 – 8 de jun.",por 5 noites,R$1.125,"5,0 de uma avaliação média de 5, 13 avaliações
5,0 (13)"
Apartamento em São Paulo,Metrô. Ar condicionado,"1 cama de casal
1 cama de casal","3 – 8 de jun.
3 – 8 de jun.",por 5 noites,R$962,"Novo lugar para ficar
Novo"
Apartamento em São Paulo,SX 105 Estúdio moderno e estiloso,"Cancelamento gratuito
Cancelamento gratuito","29 de jun. – 4 de jul.
29 de jun. – 4 de jul.",por 5 noites,R$609,"4,91 de uma avaliação média de 5, 129 avaliações
4,91 (129)"
Apartamento em São Paulo,Apart. Lindo | Bairro Liberdade | Ar Condicionado,"2 camas
2 camas","8 – 13 de jun.
8 – 13 de jun.",por 5 noites,R$1.061,"5,0 de uma avaliação média de 5, 21 avaliações
5,0 (21)"
Apartamento em São Paulo,Ap 12° andar 300mts do metrô Barra Funda,"2 camas
2 camas","17 – 22 de jun.
17 – 22 de jun.",por 5 noites,R$1.229,"5,0 de uma avaliação média de 5, 83 avaliações
5,0 (83)"
Apartamento em São Paulo,Studio de Alto Padrão em Perdizes,"Cancelamento gratuito
Cancelamento gratuito","30 de jun. – 5 de jul.
30 de jun. – 5 de jul.",por 5 noites,R$1.517,"4,95 de uma avaliação média de 5, 42 avaliações
4,95 (42)"
Suíte de hóspedes em São Paulo,Oscar Freire-Suite-Prox à Metrô- FSP-USPClínicas,"Cancelamento gratuito
Cancelamento gratuito","15 – 20 de jun.
15 – 20 de jun.",por 5 noites,R$824,"5,0 de uma avaliação média de 5, 30 avaliações
5,0 (30)"
Apartamento em São Paulo,"Studio 02, Lado do metrô, cama king Size","Cancelamento gratuito
Cancelamento gratuito","12 – 17 de jun.
12 – 17 de jun.",por 5 noites,R$1.070,"4,89 de uma avaliação média de 5, 84 avaliações
4,89 (84)"
Apartamento em São Paulo,Studio novo e equipado - próximo ao Metrô Morumbi,"2 camas
2 camas","6 – 11 de jun.
6 – 11 de jun.",por 5 noites,R$1.518,"5,0 de uma avaliação média de 5, 37 avaliações
5,0 (37)"
Apartamento em São Paulo,Studio For You Moema em frente Shopping Ibirapuera,"1 cama de casal
1 cama de casal","3 – 8 de jun.
3 – 8 de jun.",por 5 noites,R$1.603,"4,98 de uma avaliação média de 5, 57 avaliações
4,98 (57)"
Apartamento em Picanço,1312 Studio próximo ao Aeroporto e Shopping Maia,"Cancelamento gratuito
Cancelamento gratuito","8 – 13 de jun.
8 – 13 de jun.",por 5 noites,R$879,"4,87 de uma avaliação média de 5, 87 avaliações
4,87 (87)"
Apartamento em São Paulo,Studio 9 andar| Expor Center Norte |Anhembi |Tietê,"2 camas
2 camas","19 – 24 de jun.
19 – 24 de jun.",por 5 noites,R$1.107,"5,0 de uma avaliação média de 5, 83 avaliações
5,0 (83)"
Loft em São Paulo,Metrô/ar cond./14 andar,"Cancelamento gratuito
Cancelamento gratuito","15 – 20 de jun.
15 – 20 de jun.",por 5 noites,R$890,
Apartamento em São Paulo,Studio novo com ar-condicionado e sacada,"Cancelamento gratuito
Cancelamento gratuito","22 – 27 de jun.
22 – 27 de jun.",por 5 noites,R$976,"4,92 de uma avaliação média de 5, 50 avaliações
4,92 (50)"
Apartamento em São Paulo,Studio perto Av. Paulista e 3 Min. metro Paulista,"Cancelamento gratuito
Cancelamento gratuito","23 – 28 de jun.
23 – 28 de jun.",por 5 noites,R$1.341,"5,0 de uma avaliação média de 5, 53 avaliações
5,0 (53)"
Casa de campo em Atibaia,Pousada de campo,"1 cama de casal
1 cama de casal","3 – 8 de jun.
3 – 8 de jun.",por 5 noites,R$1.288,"4,95 de uma avaliação média de 5, 128 avaliações
4,95 (128)"
Apartamento em São Paulo,Stúdio próximo ao Aeroporto Congonhas,"Cancelamento gratuito
Cancelamento gratuito","24 – 29 de jun.
24 – 29 de jun.",por 5 noites,R$976,"4,96 de uma avaliação média de 5, 67 avaliações
4,96 (67)"
Casa em Mairiporã,recanto da serra,"3 camas
3 camas","6 – 11 de jun.
6 – 11 de jun.",por 5 noites,R$2.659,"5,0 de uma avaliação média de 5, 8 avaliações
5,0 (8)"
Apartamento em São Paulo,"Viva SP com Conforto e Praticidade, Perto de Tudo","Cancelamento gratuito
Cancelamento gratuito","15 – 20 de jun.
15 – 20 de jun.",por 5 noites,R$1.086,"4,92 de uma avaliação média de 5, 13 avaliações
4,92 (13)"
Apartamento em São Paulo,AP 1 Dorm - Vista Incrível,"1 cama de casal
1 cama de casal","4 – 9 de jun.
4 – 9 de jun.",por 5 noites,R$924,"5,0 de uma avaliação média de 5, 16 avaliações
5,0 (16)"
Casa em Barueri,Casa Barueri otima localização,"1 cama
1 cama","16 – 21 de jun.
16 – 21 de jun.",por 5 noites,R$730,"5,0 de uma avaliação média de 5, 5 avaliações
5,0 (5)"
Apartamento em São Paulo,Apt vista Vl Prudente ampla 250m metrô.,"1 sofá-cama
1 sofá-cama","7 – 12 de jun.
7 – 12 de jun.",por 5 noites,R$802,"Novo lugar para ficar
Novo"
Casa em Jandira,"Quarto,Cozinha e espaço para home Office no centro","1 cama
1 cama","4 – 9 de jun.
4 – 9 de jun.",por 5 noites,R$858,"Novo lugar para ficar
Novo"
Apartamento em São Paulo,Charmoso apto próximo da Av Paulista com garagem,"2 camas
2 camas","5 – 10 de jun.
5 – 10 de jun.",por 5 noites,R$979,"4,89 de uma avaliação média de 5, 9 avaliações
4,89 (9)"
Apartamento em São Paulo,Lindo AP Allianz Parque com piscina e vaga,"1 cama
1 cama","8 – 13 de jun.
8 – 13 de jun.",por 5 noites,R$1.147,"4,97 de uma avaliação média de 5, 117 avaliações
4,97 (117)"
Apartamento em São Paulo,Apê c/vaga-Butantã Jockey Club-Divisa de Pinheiros,"Cancelamento gratuito
Cancelamento gratuito","25 – 30 de jun.
25 – 30 de jun.",por 5 noites,R$1.746,"5,0 de uma avaliação média de 5, 162 avaliações
5,0 (162)"
Apartamento em São Paulo,"Estúdio mto próximo: Puc, Allianz e Espaço Unimed","1 cama
1 cama","3 – 8 de jun.
3 – 8 de jun.",por 5 noites,R$1.509,"4,99 de uma avaliação média de 5, 75 avaliações
4,99 (75)"
Apartamento em São Paulo,"SPA, Academia e Garagem a 10 min. a pé do Aero CGH","2 camas
2 camas","15 – 20 de jun.
15 – 20 de jun.",por 5 noites,R$1.230,"4,89 de uma avaliação média de 5, 55 avaliações
4,89 (55)"
Apartamento em São Paulo,Próx. a Av. Paulista e Metrô c/ Jacuzzi e Academia,"1 cama queen
1 cama queen","4 – 9 de jun.
4 – 9 de jun.",por 5 noites,R$1.225,"Novo lugar para ficar
Novo"
Apartamento em Guarulhos,Apartamento Moderno e Elegante,"1 cama de casal
1 cama de casal","8 – 13 de jun.
8 – 13 de jun.",por 5 noites,R$1.027,"4,89 de uma avaliação média de 5, 9 avaliações
4,89 (9)"
Apartamento em São Paulo,Studio R em frente ao metrô/ garagem gratis/centro,"1 cama de casal
1 cama de casal","22 – 27 de jun.
22 – 27 de jun.",por 5 noites,R$873,"4,64 de uma avaliação média de 5, 44 avaliações
4,64 (44)"
Apartamento em São Paulo,Confortável Studio Arouche (803),"Cancelamento gratuito
Cancelamento gratuito","14 – 19 de jun.
14 – 19 de jun.",por 5 noites,R$841,"4,81 de uma avaliação média de 5, 230 avaliações
4,81 (230)"
Apartamento em São Paulo,Bela Vista - Frei Caneca,"Cancelamento gratuito
Cancelamento gratuito","6 – 11 de jul.
6 – 11 de jul.",por 5 noites,R$1.113,"4,96 de uma avaliação média de 5, 109 avaliações
4,96 (109)"
Apartamento em São Paulo,Encanto e charme: Lindo apê próximo da Paulista,"Cancelamento gratuito
Cancelamento gratuito","8 – 13 de jun.
8 – 13 de jun.",por 5 noites,R$1.325,"Novo lugar para ficar
Novo"
Apartamento em São Paulo,MA - Studio Clean Charme Vila Buarque Equipado,"1 cama queen
1 cama queen","8 – 13 de jun.
8 – 13 de jun.",por 5 noites,R$924,"4,72 de uma avaliação média de 5, 36 avaliações
4,72 (36)"
Apartamento em São Paulo,Studio Decor ao lado do Metrô Alto da Boa Vista,"Cancelamento gratuito
Cancelamento gratuito","21 – 26 de jul.
21 – 26 de jul.",por 5 noites,R$1.179,"4,98 de uma avaliação média de 5, 108 avaliações
4,98 (108)"
Apartamento em São Paulo,"M68 Apartamento moderno novo melhor do Bras ,","Cancelamento gratuito
Cancelamento gratuito","15 – 20 de jun.
15 – 20 de jun.",por 5 noites,R$752,"4,89 de uma avaliação média de 5, 36 avaliações
4,89 (36)"
Apartamento em São Paulo,Studio Luxo MIEL #05 | 1min Metrô Faria Lima,"Cancelamento gratuito
Cancelamento gratuito","26 de jun. – 1 de jul.
26 de jun. – 1 de jul.",por 5 noites,R$1.227,"5,0 de uma avaliação média de 5, 4 avaliações
5,0 (4)"
Casa em Parque Peruche,Stúdio independente - Zona Norte-SP,"Cancelamento gratuito
Cancelamento gratuito","4 – 9 de ago.
4 – 9 de ago.",por 5 noites,R$451,"4,99 de uma avaliação média de 5, 403 avaliações
4,99 (403)"
Apartamento em Guarulhos,"Aeroporto de Gru, Skyline, Piscina e Academia","Cancelamento gratuito
Cancelamento gratuito","14 – 19 de jun.
14 – 19 de jun.",por 5 noites,R$1.115,"4,78 de uma avaliação média de 5, 41 avaliações
4,78 (41)"
Apartamento em São Paulo,Apê c/ar condicionado em Pirituba próx. Estação,"Cancelamento gratuito
Cancelamento gratuito","15 – 20 de jun.
15 – 20 de jun.",por 5 noites,R$1.017,"5,0 de uma avaliação média de 5, 14 avaliações
5,0 (14)"
Apartamento em Osasco,Flat c/ copa excelente localização - apto 1802,"Cancelamento gratuito
Cancelamento gratuito","16 – 21 de jun.
16 – 21 de jun.",por 5 noites,R$1.185,"4,83 de uma avaliação média de 5, 24 avaliações
4,83 (24)"
Apartamento em São Paulo,Pinheiros Hy 1010 | Vila Madalena & Metrô Sumaré,"1 cama queen
1 cama queen","9 – 14 de jun.
9 – 14 de jun.",por 5 noites,R$1.484,"5,0 de uma avaliação média de 5, 8 avaliações
5,0 (8)"
Apartamento em São Paulo,Ótimo Studio no centro de SP próximo ao metro,"Cancelamento gratuito
Cancelamento gratuito","22 – 27 de jun.
22 – 27 de jun.",por 5 noites,R$979,"4,79 de uma avaliação média de 5, 222 avaliações
4,79 (222)"
Apartamento em São Paulo,Studio novo a 100 metros do Metrô Guilhermina,"Cancelamento gratuito
Cancelamento gratuito","24 – 29 de jun.
24 – 29 de jun.",por 5 noites,R$943,"5,0 de uma avaliação média de 5, 39 avaliações
5,0 (39)"
Apartamento em São Paulo,Studio 202 - Próx ao Metrô,"1 cama de casal
1 cama de casal","4 – 9 de jun.
4 – 9 de jun.",por 5 noites,R$902,"Novo lugar para ficar
Novo"
Loft em Centro Histórico de São Paulo,Stúdio Centro Histórico,"1 cama
1 cama","24 – 29 de jun.
24 – 29 de jun.",por 5 noites,R$634,"4,92 de uma avaliação média de 5, 101 avaliações
4,92 (101)"
Apartamento em São Paulo,Apartamento novo Próx. ao metrô,"Cancelamento gratuito
Cancelamento gratuito","9 – 14 de jun.
9 – 14 de jun.",por 5 noites,R$871,"5,0 de uma avaliação média de 5, 22 avaliações
5,0 (22)"
Apartamento em São Paulo,Apartamento 2304,"Cancelamento gratuito
Cancelamento gratuito","15 – 20 de jun.
15 – 20 de jun.",por 5 noites,R$1.044,"4,71 de uma avaliação média de 5, 7 avaliações
4,71 (7)"
Apartamento em São Paulo,300m de metrô/Check-in matinal disponível,"2 camas
2 camas","29 de jun. – 4 de jul.
29 de jun. – 4 de jul.",por 5 noites,R$621,"4,88 de uma avaliação média de 5, 26 avaliações
4,88 (26)"
Apartamento em São Paulo,Apartamento em Moema | Aeroporto Congonhas,"Cancelamento gratuito
Cancelamento gratuito","6 – 11 de jul.
6 – 11 de jul.",por 5 noites,R$1.518,"4,96 de uma avaliação média de 5, 48 avaliações
4,96 (48)"
Apartamento em São Paulo,Studio na Vila Madalena,"Cancelamento gratuito
Cancelamento gratuito","13 – 18 de jun.
13 – 18 de jun.",por 5 noites,R$1.381,"4,81 de uma avaliação média de 5, 104 avaliações
4,81 (104)"
Apartamento em São Paulo,Vista Linda 180° c/Blackout e Piscina Av. Paulista,"Cancelamento gratuito
Cancelamento gratuito","9 – 14 de jun.
9 – 14 de jun.",por 5 noites,R$2.018,"4,91 de uma avaliação média de 5, 79 avaliações
4,91 (79)"
Apartamento em São Paulo,Studio Luxo República - Vila Buarque - MDS,"Cancelamento gratuito
Cancelamento gratuito","23 – 28 de jun.
23 – 28 de jun.",por 5 noites,R$981,"4,77 de uma avaliação média de 5, 13 avaliações
4,77 (13)"
Apartamento em São Paulo,0012 - Studio térreo no metrô Paraíso,"Cancelamento gratuito
Cancelamento gratuito","30 de jun. – 5 de jul.
30 de jun. – 5 de jul.",por 5 noites,R$837,"4,85 de uma avaliação média de 5, 121 avaliações
4,85 (121)"
Apartamento em Barueri,"Em Alphaville, 150m da Al Rio Negro e tud+ ar-cond","Cancelamento gratuito
Cancelamento gratuito","19 – 24 de jun.
19 – 24 de jun.",por 5 noites,R$1.806,"5,0 de uma avaliação média de 5, 17 avaliações
5,0 (17)"
Apartamento em São Paulo,Studio fascinante em São Paulo próximo ao metrô,"Cancelamento gratuito
Cancelamento gratuito","24 – 29 de jun.
24 – 29 de jun.",por 5 noites,R$959,"4,84 de uma avaliação média de 5, 387 avaliações
4,84 (387)"
Apartamento em São Paulo,Apto novo- 2 min a pé do Metrô Bresser Mooca,"1 cama
1 cama","8 – 13 de jun.
8 – 13 de jun.",por 5 noites,R$622,"5,0 de uma avaliação média de 5, 5 avaliações
5,0 (5)"
Apartamento em São Paulo,Studio Centro wifi/Piscina/academia - garagem #313,"1 cama
1 cama","29 de jun. – 4 de jul.
29 de jun. – 4 de jul.",por 5 noites,R$792,"4,81 de uma avaliação média de 5, 27 avaliações
4,81 (27)"
Apartamento em Cotia,Studio completo e aconchegante.,"1 cama
1 cama","4 – 9 de jun.
4 – 9 de jun.",por 5 noites,R$1.075,"4,81 de uma avaliação média de 5, 62 avaliações
4,81 (62)"
Apartamento em São Paulo,"Estúdio c/ piscina, academia e metrô próx","Cancelamento gratuito
Cancelamento gratuito","15 – 20 de jun.
15 – 20 de jun.",por 5 noites,R$1.152,"4,91 de uma avaliação média de 5, 11 avaliações
4,91 (11)"
Apartamento em São Paulo,Apart. Lindo | Bairro Liberdade | Ar Conditioning,"2 camas
2 camas","8 – 13 de jun.
8 – 13 de jun.",por 5 noites,R$1.061,"4,94 de uma avaliação média de 5, 68 avaliações
4,94 (68)"
Apartamento em São Paulo,Studio Boutique Intimista Jardins | Pinheiros,"1 cama de casal
1 cama de casal","15 – 20 de jun.
15 – 20 de jun.",por 5 noites,R$1.391,"Novo lugar para ficar
Novo"
Apartamento em São Paulo,Loft estiloso metrô AC 516,"Cancelamento gratuito
Cancelamento gratuito","23 – 28 de jun.
23 – 28 de jun.",por 5 noites,R$705,"4,66 de uma avaliação média de 5, 65 avaliações
4,66 (65)"
Apartamento em São Paulo,SX 101 Estúdio moderno,"Cancelamento gratuito
Cancelamento gratuito","29 de jun. – 4 de jul.
29 de jun. – 4 de jul.",por 5 noites,R$621,"4,88 de uma avaliação média de 5, 124 avaliações
4,88 (124)"
Casa em Guarulhos,Loft Claude Monet próximo Aeroporto de Guarulhos,"Cancelamento gratuito
Cancelamento gratuito","9 – 14 de jun.
9 – 14 de jun.",por 5 noites,R$1.026,"5,0 de uma avaliação média de 5, 7 avaliações
5,0 (7)"
Apartamento em São Paulo,Ap. Inteiro - Próx Metro Vila Sônia,"Cancelamento gratuito
Cancelamento gratuito","15 – 20 de jun.
15 – 20 de jun.",por 5 noites,R$757,"4,91 de uma avaliação média de 5, 99 avaliações
4,91 (99)"
Apartamento em São Paulo,"Novo Studio c/ vista incrível, Aeroporto Congonhas","2 camas
2 camas","3 – 8 de jun.
3 – 8 de jun.",por 5 noites,R$1.210,"Novo lugar para ficar
Novo"
Loft em Macedo,"Lindo Studio, NOVINHO, localizado em uma das melhores areas de Guarulhos e a 9 km do aeroporto. Cercado dos melhores bares e restaurantes da região e a 200 metros do Bosque Maia. Aqui você terá a melhor experiência para sua estadia.","Cancelamento gratuito
Cancelamento gratuito","9 – 14 de jun.
9 – 14 de jun.",por 5 noites,R$1.221,"5,0 de uma avaliação média de 5, 184 avaliações
5,0 (184)"
Apartamento em São Paulo,m3428 vista incrível no maior prédio de sp (sky),"Cancelamento gratuito
Cancelamento gratuito","30 de jun. – 5 de jul.
30 de jun. – 5 de jul.",por 5 noites,R$1.118,"4,78 de uma avaliação média de 5, 55 avaliações
4,78 (55)"
